 0:01.09 W Warnings in third-party code are being suppressed from the terminal output. Use --show-all-warnings or --verbose to see them.
 0:01.09 W All warnings will still be dumped to C:/Users/Zachary/Documents/Project/browser-dev/Floorp-Runtime/obj-x86_64-pc-windows-msvc\.mozbuild\logs\build\warnings_*.json at the end of the build.
 0:01.82 Clobber not needed.
 0:02.04 W Adding make options from C:\Users\Zachary\Documents\Project\browser-dev\Floorp-Runtime\.mozconfig
    AUTOCLOBBER=1
    MOZ_OBJDIR=C:/Users/Zachary/Documents/Project/browser-dev/Floorp-Runtime/obj-x86_64-pc-windows-msvc
    OBJDIR=C:/Users/Zachary/Documents/Project/browser-dev/Floorp-Runtime/obj-x86_64-pc-windows-msvc
    FOUND_MOZCONFIG=C:/Users/Zachary/Documents/Project/browser-dev/Floorp-Runtime/.mozconfig
    export FOUND_MOZCONFIG
 0:02.04 Parallelism determined by memory: using 12 jobs for 12 cores based on 11.9 GiB RAM and estimated job size of 1.0 GiB
 0:02.04 C:/make441/bin/make.exe -f client.mk -j12 -s
 0:05.25 Elapsed: 2.06s; From dist/xpi-stage: Kept 154 existing; Added/updated 940; Removed 0 files and 0 directories.
 0:05.40 Elapsed: 2.00s; From _tests: Kept 49 existing; Added/updated 1417; Removed 0 files and 0 directories.
 0:06.39 Elapsed: 2.95s; From dist/bin: Kept 175 existing; Added/updated 3007; Removed 0 files and 0 directories.
 0:07.33 Elapsed: 4.20s; From dist/include: Kept 3163 existing; Added/updated 5511; Removed 0 files and 0 directories.
 0:07.66 ./mozilla-config.h.stub
 0:07.67 ./buildid.h.stub
 0:07.68 ./source-repo.h.stub
 0:07.69 ./RelationType.h.stub
 0:07.77 ./Role.h.stub
 0:07.78 ./stl.sentinel.stub
 0:07.79 ./windows.h.stub
 0:07.80 ./shlwapi.h.stub
 0:07.90 ./AccessibleEventId.h.stub
 0:07.92 ./AccessibleRole.h.stub
 0:07.93 ./AccessibleStates.h.stub
 0:07.94 ./IA2CommonTypes.h.stub
 0:08.06 ./Accessible2.h.stub
 0:08.97 ./Accessible2_2.h.stub
 0:09.03 ./AccessibleAction.h.stub
 0:09.06 ./AccessibleApplication.h.stub
 0:09.09 Executing: C:/PROGRA~2/WI3CF2~1/10/bin/10.0.26100.0/x64/midl.exe -nologo -no_cpp -env x64 -I IA2CommonTypes.idl.tmp -I C:/Users/Zachary/Documents/Project/browser-dev/Floorp-Runtime/other-licenses/ia2 -app_config -Oicf IA2CommonTypes.idl.tmp\IA2CommonTypes.idl
 0:09.15 ./AccessibleComponent.h.stub
 0:09.16 Executing: C:/PROGRA~2/WI3CF2~1/10/bin/10.0.26100.0/x64/midl.exe -nologo -no_cpp -env x64 -I AccessibleEventId.idl.tmp -I C:/Users/Zachary/Documents/Project/browser-dev/Floorp-Runtime/other-licenses/ia2 -app_config -Oicf AccessibleEventId.idl.tmp\AccessibleEventId.idl
 0:09.17 64 bit Processing IA2CommonTypes.idl.tmp\IA2CommonTypes.idl
 0:09.22 ./AccessibleDocument.h.stub
 0:09.28 64 bit Processing AccessibleEventId.idl.tmp\AccessibleEventId.idl
 0:09.35 ./AccessibleEditableText.h.stub
 0:09.46 W 1 warning generated.
 0:09.47 ./AccessibleHyperlink.h.stub
 0:09.50 ./AccessibleHypertext.h.stub
 0:09.53 W 1 warning generated.
 0:09.55 ./AccessibleHypertext2.h.stub
 0:09.64 W 1 warning generated.
 0:09.67 ./AccessibleImage.h.stub
 0:09.69 W 1 warning generated.
 0:10.25 Executing: C:/PROGRA~2/WI3CF2~1/10/bin/10.0.26100.0/x64/midl.exe -nologo -no_cpp -env x64 -I AccessibleStates.idl.tmp -I C:/Users/Zachary/Documents/Project/browser-dev/Floorp-Runtime/other-licenses/ia2 -app_config -Oicf AccessibleStates.idl.tmp\AccessibleStates.idl
 0:10.26 Executing: C:/PROGRA~2/WI3CF2~1/10/bin/10.0.26100.0/x64/midl.exe -nologo -no_cpp -env x64 -I AccessibleRole.idl.tmp -I C:/Users/Zachary/Documents/Project/browser-dev/Floorp-Runtime/other-licenses/ia2 -app_config -Oicf AccessibleRole.idl.tmp\AccessibleRole.idl
 0:10.34 64 bit Processing AccessibleRole.idl.tmp\AccessibleRole.idl
 0:10.35 64 bit Processing AccessibleRole.idl.tmp\objidl.idl
 0:10.35 64 bit Processing AccessibleRole.idl.tmp\unknwn.idl
 0:10.35 64 bit Processing AccessibleRole.idl.tmp\wtypes.idl
 0:10.35 64 bit Processing AccessibleRole.idl.tmp\wtypesbase.idl
 0:10.35 64 bit Processing AccessibleRole.idl.tmp\basetsd.h
 0:10.35 64 bit Processing AccessibleRole.idl.tmp\guiddef.h
 0:10.36 64 bit Processing AccessibleStates.idl.tmp\AccessibleStates.idl
 0:10.36 64 bit Processing AccessibleStates.idl.tmp\objidl.idl
 0:10.36 64 bit Processing AccessibleStates.idl.tmp\unknwn.idl
 0:10.36 64 bit Processing AccessibleStates.idl.tmp\wtypes.idl
 0:10.36 64 bit Processing AccessibleStates.idl.tmp\wtypesbase.idl
 0:10.36 64 bit Processing AccessibleStates.idl.tmp\basetsd.h
 0:10.36 64 bit Processing AccessibleStates.idl.tmp\guiddef.h
 0:10.46 W 1 warning generated.
 0:10.46 W 1 warning generated.
 0:10.68 W 1 warning generated.
 0:10.70 W 1 warning generated.
 0:10.81 W 1 warning generated.
 0:10.82 W 1 warning generated.
 0:10.83 ./AccessibleRelation.h.stub
 0:10.85 ./AccessibleTable.h.stub
 0:10.98 W 1 warning generated.
 0:11.05 W 1 warning generated.
 0:11.07 W 1 warning generated.
 0:11.08 W 1 warning generated.
 0:11.17 W 1 warning generated.
 0:11.21 W 1 warning generated.
 0:11.27 W 1 warning generated.
 0:11.31 W 1 warning generated.
 0:11.35 W 1 warning generated.
 0:11.37 W 1 warning generated.
 0:11.43 W 1 warning generated.
 0:11.67 W 1 warning generated.
 0:11.68 Executing: C:/PROGRA~2/WI3CF2~1/10/bin/10.0.26100.0/x64/midl.exe -nologo -no_cpp -env x64 -I AccessibleDocument.idl.tmp -I C:/Users/Zachary/Documents/Project/browser-dev/Floorp-Runtime/other-licenses/ia2 -app_config -dlldata C:/Users/Zachary/Documents/Project/browser-dev/Floorp-Runtime/obj-x86_64-pc-windows-msvc/accessible/interfaces/ia2/AccessibleDocument_dlldata.c -Oicf AccessibleDocument.idl.tmp\AccessibleDocument.idl
 0:11.71 Executing: C:/PROGRA~2/WI3CF2~1/10/bin/10.0.26100.0/x64/midl.exe -nologo -no_cpp -env x64 -I AccessibleComponent.idl.tmp -I C:/Users/Zachary/Documents/Project/browser-dev/Floorp-Runtime/other-licenses/ia2 -app_config -dlldata C:/Users/Zachary/Documents/Project/browser-dev/Floorp-Runtime/obj-x86_64-pc-windows-msvc/accessible/interfaces/ia2/AccessibleComponent_dlldata.c -Oicf AccessibleComponent.idl.tmp\AccessibleComponent.idl
 0:11.77 64 bit Processing AccessibleDocument.idl.tmp\AccessibleDocument.idl
 0:11.77 64 bit Processing AccessibleDocument.idl.tmp\objidl.idl
 0:11.77 64 bit Processing AccessibleDocument.idl.tmp\unknwn.idl
 0:11.77 64 bit Processing AccessibleDocument.idl.tmp\wtypes.idl
 0:11.77 64 bit Processing AccessibleDocument.idl.tmp\wtypesbase.idl
 0:11.78 64 bit Processing AccessibleDocument.idl.tmp\basetsd.h
 0:11.79 64 bit Processing AccessibleDocument.idl.tmp\guiddef.h
 0:11.79 64 bit Processing AccessibleComponent.idl.tmp\AccessibleComponent.idl
 0:11.79 64 bit Processing AccessibleComponent.idl.tmp\objidl.idl
 0:11.79 64 bit Processing AccessibleComponent.idl.tmp\unknwn.idl
 0:11.80 64 bit Processing AccessibleComponent.idl.tmp\wtypes.idl
 0:11.80 64 bit Processing AccessibleComponent.idl.tmp\wtypesbase.idl
 0:11.80 64 bit Processing AccessibleComponent.idl.tmp\basetsd.h
 0:11.80 64 bit Processing AccessibleComponent.idl.tmp\guiddef.h
 0:11.81 Executing: C:/PROGRA~2/WI3CF2~1/10/bin/10.0.26100.0/x64/midl.exe -nologo -no_cpp -env x64 -I AccessibleHyperlink.idl.tmp -I C:/Users/Zachary/Documents/Project/browser-dev/Floorp-Runtime/other-licenses/ia2 -app_config -dlldata C:/Users/Zachary/Documents/Project/browser-dev/Floorp-Runtime/obj-x86_64-pc-windows-msvc/accessible/interfaces/ia2/AccessibleHyperlink_dlldata.c -Oicf AccessibleHyperlink.idl.tmp\AccessibleHyperlink.idl
 0:11.82 Executing: C:/PROGRA~2/WI3CF2~1/10/bin/10.0.26100.0/x64/midl.exe -nologo -no_cpp -env x64 -I AccessibleAction.idl.tmp -I C:/Users/Zachary/Documents/Project/browser-dev/Floorp-Runtime/other-licenses/ia2 -app_config -dlldata C:/Users/Zachary/Documents/Project/browser-dev/Floorp-Runtime/obj-x86_64-pc-windows-msvc/accessible/interfaces/ia2/AccessibleAction_dlldata.c -Oicf AccessibleAction.idl.tmp\AccessibleAction.idl
 0:11.84 64 bit Processing AccessibleDocument.idl.tmp\oaidl.idl
 0:11.85 Executing: C:/PROGRA~2/WI3CF2~1/10/bin/10.0.26100.0/x64/midl.exe -nologo -no_cpp -env x64 -I Accessible2.idl.tmp -I C:/Users/Zachary/Documents/Project/browser-dev/Floorp-Runtime/other-licenses/ia2 -app_config -dlldata C:/Users/Zachary/Documents/Project/browser-dev/Floorp-Runtime/obj-x86_64-pc-windows-msvc/accessible/interfaces/ia2/Accessible2_dlldata.c -Oicf Accessible2.idl.tmp\Accessible2.idl
 0:11.85 64 bit Processing AccessibleComponent.idl.tmp\oaidl.idl
 0:11.88 64 bit Processing AccessibleComponent.idl.tmp\oleacc.idl
 0:11.90 64 bit Processing AccessibleHyperlink.idl.tmp\AccessibleHyperlink.idl
 0:11.90 64 bit Processing AccessibleHyperlink.idl.tmp\objidl.idl
 0:11.91 64 bit Processing AccessibleHyperlink.idl.tmp\unknwn.idl
 0:11.91 64 bit Processing AccessibleHyperlink.idl.tmp\wtypes.idl
 0:11.91 64 bit Processing AccessibleHyperlink.idl.tmp\wtypesbase.idl
 0:11.91 64 bit Processing AccessibleAction.idl.tmp\AccessibleAction.idl
 0:11.91 64 bit Processing AccessibleHyperlink.idl.tmp\basetsd.h
 0:11.91 64 bit Processing AccessibleAction.idl.tmp\objidl.idl
 0:11.91 64 bit Processing AccessibleAction.idl.tmp\unknwn.idl
 0:11.91 64 bit Processing AccessibleHyperlink.idl.tmp\guiddef.h
 0:11.91 64 bit Processing AccessibleAction.idl.tmp\wtypes.idl
 0:11.91 64 bit Processing AccessibleAction.idl.tmp\wtypesbase.idl
 0:11.91 64 bit Processing AccessibleAction.idl.tmp\basetsd.h
 0:11.91 64 bit Processing AccessibleAction.idl.tmp\guiddef.h
 0:11.92 64 bit Processing AccessibleDocument.idl.tmp\oleacc.idl
 0:11.92 64 bit Processing AccessibleComponent.idl.tmp\oaidl.acf
 0:11.95 64 bit Processing AccessibleDocument.idl.tmp\oaidl.acf
 0:11.95 W 1 warning generated.
 0:11.96 Executing: C:/PROGRA~2/WI3CF2~1/10/bin/10.0.26100.0/x64/midl.exe -nologo -no_cpp -env x64 -I AccessibleApplication.idl.tmp -I C:/Users/Zachary/Documents/Project/browser-dev/Floorp-Runtime/other-licenses/ia2 -app_config -dlldata C:/Users/Zachary/Documents/Project/browser-dev/Floorp-Runtime/obj-x86_64-pc-windows-msvc/accessible/interfaces/ia2/AccessibleApplication_dlldata.c -Oicf AccessibleApplication.idl.tmp\AccessibleApplication.idl
 0:11.96 64 bit Processing Accessible2.idl.tmp\Accessible2.idl
 0:11.96 64 bit Processing Accessible2.idl.tmp\objidl.idl
 0:11.96 64 bit Processing Accessible2.idl.tmp\unknwn.idl
 0:11.96 64 bit Processing Accessible2.idl.tmp\wtypes.idl
 0:11.96 64 bit Processing Accessible2.idl.tmp\wtypesbase.idl
 0:11.97 64 bit Processing Accessible2.idl.tmp\basetsd.h
 0:11.97 64 bit Processing Accessible2.idl.tmp\guiddef.h
 0:11.97 Executing: C:/PROGRA~2/WI3CF2~1/10/bin/10.0.26100.0/x64/midl.exe -nologo -no_cpp -env x64 -I Accessible2_2.idl.tmp -I C:/Users/Zachary/Documents/Project/browser-dev/Floorp-Runtime/other-licenses/ia2 -app_config -dlldata C:/Users/Zachary/Documents/Project/browser-dev/Floorp-Runtime/obj-x86_64-pc-windows-msvc/accessible/interfaces/ia2/Accessible2_2_dlldata.c -Oicf Accessible2_2.idl.tmp\Accessible2_2.idl
 0:11.98 64 bit Processing AccessibleAction.idl.tmp\oaidl.idl
 0:11.99 64 bit Processing AccessibleHyperlink.idl.tmp\oaidl.idl
 0:12.02 64 bit Processing AccessibleHyperlink.idl.tmp\oleacc.idl
 0:12.02 W 1 warning generated.
 0:12.03 64 bit Processing Accessible2.idl.tmp\oaidl.idl
 0:12.03 64 bit Processing AccessibleAction.idl.tmp\oleacc.idl
 0:12.04 64 bit Processing AccessibleHyperlink.idl.tmp\AccessibleAction.idl
 0:12.05 64 bit Processing Accessible2_2.idl.tmp\Accessible2_2.idl
 0:12.05 64 bit Processing AccessibleApplication.idl.tmp\AccessibleApplication.idl
 0:12.06 64 bit Processing Accessible2_2.idl.tmp\objidl.idl
 0:12.06 64 bit Processing AccessibleApplication.idl.tmp\objidl.idl
 0:12.06 64 bit Processing Accessible2_2.idl.tmp\unknwn.idl
 0:12.06 64 bit Processing AccessibleApplication.idl.tmp\unknwn.idl
 0:12.06 64 bit Processing Accessible2_2.idl.tmp\wtypes.idl
 0:12.06 64 bit Processing AccessibleApplication.idl.tmp\wtypes.idl
 0:12.06 64 bit Processing Accessible2_2.idl.tmp\wtypesbase.idl
 0:12.06 64 bit Processing AccessibleApplication.idl.tmp\wtypesbase.idl
 0:12.06 64 bit Processing AccessibleHyperlink.idl.tmp\oaidl.acf
 0:12.06 64 bit Processing Accessible2_2.idl.tmp\basetsd.h
 0:12.07 64 bit Processing AccessibleApplication.idl.tmp\basetsd.h
 0:12.07 64 bit Processing Accessible2_2.idl.tmp\guiddef.h
 0:12.07 64 bit Processing AccessibleApplication.idl.tmp\guiddef.h
 0:12.07 64 bit Processing AccessibleAction.idl.tmp\oaidl.acf
 0:12.07 64 bit Processing Accessible2.idl.tmp\oleacc.idl
 0:12.10 64 bit Processing Accessible2.idl.tmp\AccessibleRelation.idl
 0:12.11 64 bit Processing Accessible2.idl.tmp\AccessibleStates.idl
 0:12.11 64 bit Processing Accessible2.idl.tmp\IA2CommonTypes.idl
 0:12.12 64 bit Processing Accessible2.idl.tmp\oaidl.acf
 0:12.14 64 bit Processing AccessibleApplication.idl.tmp\oaidl.idl
 0:12.15 64 bit Processing Accessible2_2.idl.tmp\oaidl.idl
 0:12.17 64 bit Processing AccessibleApplication.idl.tmp\oleacc.idl
 0:12.19 64 bit Processing Accessible2_2.idl.tmp\oleacc.idl
 0:12.22 64 bit Processing Accessible2_2.idl.tmp\Accessible2.idl
 0:12.22 64 bit Processing AccessibleApplication.idl.tmp\oaidl.acf
 0:12.22 64 bit Processing Accessible2_2.idl.tmp\AccessibleRelation.idl
 0:12.23 64 bit Processing Accessible2_2.idl.tmp\AccessibleStates.idl
 0:12.23 64 bit Processing Accessible2_2.idl.tmp\IA2CommonTypes.idl
 0:12.24 64 bit Processing Accessible2_2.idl.tmp\oaidl.acf
 0:12.24 ./AccessibleTable2.h.stub
 0:12.29 ./AccessibleTableCell.h.stub
 0:12.29 Executing: C:/PROGRA~2/WI3CF2~1/10/bin/10.0.26100.0/x64/midl.exe -nologo -no_cpp -env x64 -I AccessibleEditableText.idl.tmp -I C:/Users/Zachary/Documents/Project/browser-dev/Floorp-Runtime/other-licenses/ia2 -app_config -dlldata C:/Users/Zachary/Documents/Project/browser-dev/Floorp-Runtime/obj-x86_64-pc-windows-msvc/accessible/interfaces/ia2/AccessibleEditableText_dlldata.c -Oicf AccessibleEditableText.idl.tmp\AccessibleEditableText.idl
 0:12.41 ./AccessibleText.h.stub
 0:12.42 64 bit Processing AccessibleEditableText.idl.tmp\AccessibleEditableText.idl
 0:12.42 64 bit Processing AccessibleEditableText.idl.tmp\objidl.idl
 0:12.42 64 bit Processing AccessibleEditableText.idl.tmp\unknwn.idl
 0:12.43 64 bit Processing AccessibleEditableText.idl.tmp\wtypes.idl
 0:12.43 64 bit Processing AccessibleEditableText.idl.tmp\wtypesbase.idl
 0:12.43 64 bit Processing AccessibleEditableText.idl.tmp\basetsd.h
 0:12.43 64 bit Processing AccessibleEditableText.idl.tmp\guiddef.h
 0:12.50 64 bit Processing AccessibleEditableText.idl.tmp\oaidl.idl
 0:12.51 W 1 warning generated.
 0:12.54 W 1 warning generated.
 0:12.55 ./AccessibleText2.h.stub
 0:12.55 64 bit Processing AccessibleEditableText.idl.tmp\oleacc.idl
 0:12.59 64 bit Processing AccessibleEditableText.idl.tmp\IA2CommonTypes.idl
 0:12.60 64 bit Processing AccessibleEditableText.idl.tmp\oaidl.acf
 0:12.61 ./AccessibleTextSelectionContainer.h.stub
 0:12.64 ./AccessibleValue.h.stub
 0:12.75 ./IA2Typelib.h.stub
 0:12.84 Executing: C:/PROGRA~2/WI3CF2~1/10/bin/10.0.26100.0/x64/midl.exe -nologo -no_cpp -env x64 -I AccessibleHypertext.idl.tmp -I C:/Users/Zachary/Documents/Project/browser-dev/Floorp-Runtime/other-licenses/ia2 -app_config -dlldata C:/Users/Zachary/Documents/Project/browser-dev/Floorp-Runtime/obj-x86_64-pc-windows-msvc/accessible/interfaces/ia2/AccessibleHypertext_dlldata.c -Oicf AccessibleHypertext.idl.tmp\AccessibleHypertext.idl
 0:12.93 W 1 warning generated.
 0:12.95 64 bit Processing AccessibleHypertext.idl.tmp\AccessibleHypertext.idl
 0:12.95 64 bit Processing AccessibleHypertext.idl.tmp\objidl.idl
 0:12.95 64 bit Processing AccessibleHypertext.idl.tmp\unknwn.idl
 0:12.95 64 bit Processing AccessibleHypertext.idl.tmp\wtypes.idl
 0:12.96 64 bit Processing AccessibleHypertext.idl.tmp\wtypesbase.idl
 0:12.96 64 bit Processing AccessibleHypertext.idl.tmp\basetsd.h
 0:12.96 64 bit Processing AccessibleHypertext.idl.tmp\guiddef.h
 0:13.01 ./ISimpleDOM.h.stub
 0:13.02 64 bit Processing AccessibleHypertext.idl.tmp\oaidl.idl
 0:13.02 W 1 warning generated.
 0:13.07 64 bit Processing AccessibleHypertext.idl.tmp\oleacc.idl
 0:13.10 Executing: C:/PROGRA~2/WI3CF2~1/10/bin/10.0.26100.0/x64/midl.exe -nologo -no_cpp -env x64 -I AccessibleHypertext2.idl.tmp -I C:/Users/Zachary/Documents/Project/browser-dev/Floorp-Runtime/other-licenses/ia2 -app_config -dlldata C:/Users/Zachary/Documents/Project/browser-dev/Floorp-Runtime/obj-x86_64-pc-windows-msvc/accessible/interfaces/ia2/AccessibleHypertext2_dlldata.c -Oicf AccessibleHypertext2.idl.tmp\AccessibleHypertext2.idl
 0:13.12 64 bit Processing AccessibleHypertext.idl.tmp\AccessibleText.idl
 0:13.12 64 bit Processing AccessibleHypertext.idl.tmp\IA2CommonTypes.idl
 0:13.13 64 bit Processing AccessibleHypertext.idl.tmp\AccessibleHyperlink.idl
 0:13.13 64 bit Processing AccessibleHypertext.idl.tmp\AccessibleAction.idl
 0:13.15 64 bit Processing AccessibleHypertext.idl.tmp\oaidl.acf
 0:13.22 64 bit Processing AccessibleHypertext2.idl.tmp\AccessibleHypertext2.idl
 0:13.22 64 bit Processing AccessibleHypertext2.idl.tmp\objidl.idl
 0:13.23 64 bit Processing AccessibleHypertext2.idl.tmp\unknwn.idl
 0:13.23 64 bit Processing AccessibleHypertext2.idl.tmp\wtypes.idl
 0:13.23 64 bit Processing AccessibleHypertext2.idl.tmp\wtypesbase.idl
 0:13.23 64 bit Processing AccessibleHypertext2.idl.tmp\basetsd.h
 0:13.23 64 bit Processing AccessibleHypertext2.idl.tmp\guiddef.h
 0:13.31 64 bit Processing AccessibleHypertext2.idl.tmp\oaidl.idl
 0:13.34 64 bit Processing AccessibleHypertext2.idl.tmp\oleacc.idl
 0:13.43 64 bit Processing AccessibleHypertext2.idl.tmp\AccessibleHypertext.idl
 0:13.44 64 bit Processing AccessibleHypertext2.idl.tmp\AccessibleText.idl
 0:13.44 64 bit Processing AccessibleHypertext2.idl.tmp\IA2CommonTypes.idl
 0:13.45 64 bit Processing AccessibleHypertext2.idl.tmp\AccessibleHyperlink.idl
 0:13.46 64 bit Processing AccessibleHypertext2.idl.tmp\AccessibleAction.idl
 0:13.48 64 bit Processing AccessibleHypertext2.idl.tmp\oaidl.acf
 0:13.52 Executing: C:/PROGRA~2/WI3CF2~1/10/bin/10.0.26100.0/x64/midl.exe -nologo -no_cpp -env x64 -I AccessibleRelation.idl.tmp -I C:/Users/Zachary/Documents/Project/browser-dev/Floorp-Runtime/other-licenses/ia2 -app_config -dlldata C:/Users/Zachary/Documents/Project/browser-dev/Floorp-Runtime/obj-x86_64-pc-windows-msvc/accessible/interfaces/ia2/AccessibleRelation_dlldata.c -Oicf AccessibleRelation.idl.tmp\AccessibleRelation.idl
 0:13.56 ./xpcAccEvents.h.stub
 0:13.57 W 1 warning generated.
 0:13.62 64 bit Processing AccessibleRelation.idl.tmp\AccessibleRelation.idl
 0:13.62 64 bit Processing AccessibleRelation.idl.tmp\objidl.idl
 0:13.62 64 bit Processing AccessibleRelation.idl.tmp\unknwn.idl
 0:13.62 64 bit Processing AccessibleRelation.idl.tmp\wtypes.idl
 0:13.63 64 bit Processing AccessibleRelation.idl.tmp\wtypesbase.idl
 0:13.63 64 bit Processing AccessibleRelation.idl.tmp\basetsd.h
 0:13.63 64 bit Processing AccessibleRelation.idl.tmp\guiddef.h
 0:13.69 Executing: C:/PROGRA~2/WI3CF2~1/10/bin/10.0.26100.0/x64/midl.exe -nologo -no_cpp -env x64 -I AccessibleImage.idl.tmp -I C:/Users/Zachary/Documents/Project/browser-dev/Floorp-Runtime/other-licenses/ia2 -app_config -dlldata C:/Users/Zachary/Documents/Project/browser-dev/Floorp-Runtime/obj-x86_64-pc-windows-msvc/accessible/interfaces/ia2/AccessibleImage_dlldata.c -Oicf AccessibleImage.idl.tmp\AccessibleImage.idl
 0:13.69 64 bit Processing AccessibleRelation.idl.tmp\oaidl.idl
 0:13.72 64 bit Processing AccessibleRelation.idl.tmp\oleacc.idl
 0:13.76 64 bit Processing AccessibleRelation.idl.tmp\oaidl.acf
 0:13.78 64 bit Processing AccessibleImage.idl.tmp\AccessibleImage.idl
 0:13.78 64 bit Processing AccessibleImage.idl.tmp\objidl.idl
 0:13.79 64 bit Processing AccessibleImage.idl.tmp\unknwn.idl
 0:13.79 64 bit Processing AccessibleImage.idl.tmp\wtypes.idl
 0:13.79 64 bit Processing AccessibleImage.idl.tmp\wtypesbase.idl
 0:13.80 64 bit Processing AccessibleImage.idl.tmp\basetsd.h
 0:13.80 64 bit Processing AccessibleImage.idl.tmp\guiddef.h
 0:13.84 W 1 warning generated.
 0:13.87 ./ntdll_freestanding.lib.stub
 0:13.88 64 bit Processing AccessibleImage.idl.tmp\oaidl.idl
 0:13.91 64 bit Processing AccessibleImage.idl.tmp\oleacc.idl
 0:13.92 W 1 warning generated.
 0:13.95 64 bit Processing AccessibleImage.idl.tmp\IA2CommonTypes.idl
 0:13.96 64 bit Processing AccessibleImage.idl.tmp\oaidl.acf
 0:13.97 W 1 warning generated.
 0:14.02 W 1 warning generated.
 0:14.15 ./buildconfig.rs.stub
 0:14.23 W 1 warning generated.
 0:14.34 W 1 warning generated.
 0:14.38 W 1 warning generated.
 0:14.39 W 1 warning generated.
 0:14.42 W 1 warning generated.
 0:14.44 W 1 warning generated.
 0:14.46 W 1 warning generated.
 0:14.48 ./fficonfig.h.stub
 0:14.97 W 1 warning generated.
 0:14.98 W 1 warning generated.
 0:15.04 W 1 warning generated.
 0:15.15 Executing: C:/PROGRA~2/WI3CF2~1/10/bin/10.0.26100.0/x64/midl.exe -nologo -no_cpp -env x64 -I AccessibleValue.idl.tmp -I C:/Users/Zachary/Documents/Project/browser-dev/Floorp-Runtime/other-licenses/ia2 -app_config -dlldata C:/Users/Zachary/Documents/Project/browser-dev/Floorp-Runtime/obj-x86_64-pc-windows-msvc/accessible/interfaces/ia2/AccessibleValue_dlldata.c -Oicf AccessibleValue.idl.tmp\AccessibleValue.idl
 0:15.22 Executing: C:/PROGRA~2/WI3CF2~1/10/bin/10.0.26100.0/x64/midl.exe -nologo -no_cpp -env x64 -I AccessibleTable.idl.tmp -I C:/Users/Zachary/Documents/Project/browser-dev/Floorp-Runtime/other-licenses/ia2 -app_config -dlldata C:/Users/Zachary/Documents/Project/browser-dev/Floorp-Runtime/obj-x86_64-pc-windows-msvc/accessible/interfaces/ia2/AccessibleTable_dlldata.c -Oicf AccessibleTable.idl.tmp\AccessibleTable.idl
 0:15.23 W 1 warning generated.
 0:15.24 64 bit Processing AccessibleValue.idl.tmp\AccessibleValue.idl
 0:15.25 64 bit Processing AccessibleValue.idl.tmp\objidl.idl
 0:15.25 64 bit Processing AccessibleValue.idl.tmp\unknwn.idl
 0:15.25 64 bit Processing AccessibleValue.idl.tmp\wtypes.idl
 0:15.26 64 bit Processing AccessibleValue.idl.tmp\wtypesbase.idl
 0:15.26 64 bit Processing AccessibleValue.idl.tmp\basetsd.h
 0:15.26 64 bit Processing AccessibleValue.idl.tmp\guiddef.h
 0:15.31 64 bit Processing AccessibleValue.idl.tmp\oaidl.idl
 0:15.32 64 bit Processing AccessibleTable.idl.tmp\AccessibleTable.idl
 0:15.32 64 bit Processing AccessibleTable.idl.tmp\objidl.idl
 0:15.32 64 bit Processing AccessibleTable.idl.tmp\unknwn.idl
 0:15.32 64 bit Processing AccessibleTable.idl.tmp\wtypes.idl
 0:15.32 64 bit Processing AccessibleTable.idl.tmp\wtypesbase.idl
 0:15.32 64 bit Processing AccessibleTable.idl.tmp\basetsd.h
 0:15.32 64 bit Processing AccessibleTable.idl.tmp\guiddef.h
 0:15.37 64 bit Processing AccessibleValue.idl.tmp\oleacc.idl
 0:15.37 Executing: C:/PROGRA~2/WI3CF2~1/10/bin/10.0.26100.0/x64/midl.exe -nologo -no_cpp -env x64 -I AccessibleTextSelectionContainer.idl.tmp -I C:/Users/Zachary/Documents/Project/browser-dev/Floorp-Runtime/other-licenses/ia2 -app_config -dlldata C:/Users/Zachary/Documents/Project/browser-dev/Floorp-Runtime/obj-x86_64-pc-windows-msvc/accessible/interfaces/ia2/AccessibleTextSelectionContainer_dlldata.c -Oicf AccessibleTextSelectionContainer.idl.tmp\AccessibleTextSelectionContainer.idl
 0:15.41 Executing: C:/PROGRA~2/WI3CF2~1/10/bin/10.0.26100.0/x64/midl.exe -nologo -no_cpp -env x64 -I AccessibleTable2.idl.tmp -I C:/Users/Zachary/Documents/Project/browser-dev/Floorp-Runtime/other-licenses/ia2 -app_config -dlldata C:/Users/Zachary/Documents/Project/browser-dev/Floorp-Runtime/obj-x86_64-pc-windows-msvc/accessible/interfaces/ia2/AccessibleTable2_dlldata.c -Oicf AccessibleTable2.idl.tmp\AccessibleTable2.idl
 0:15.41 64 bit Processing AccessibleValue.idl.tmp\oaidl.acf
 0:15.42 64 bit Processing AccessibleTable.idl.tmp\oaidl.idl
 0:15.46 64 bit Processing AccessibleTextSelectionContainer.idl.tmp\AccessibleTextSelectionContainer.idl
 0:15.47 64 bit Processing AccessibleTextSelectionContainer.idl.tmp\objidl.idl
 0:15.47 64 bit Processing AccessibleTextSelectionContainer.idl.tmp\unknwn.idl
 0:15.47 64 bit Processing AccessibleTextSelectionContainer.idl.tmp\wtypes.idl
 0:15.47 64 bit Processing AccessibleTextSelectionContainer.idl.tmp\wtypesbase.idl
 0:15.47 64 bit Processing AccessibleTextSelectionContainer.idl.tmp\basetsd.h
 0:15.48 64 bit Processing AccessibleTextSelectionContainer.idl.tmp\guiddef.h
 0:15.48 64 bit Processing AccessibleTable.idl.tmp\oleacc.idl
 0:15.51 Executing: C:/PROGRA~2/WI3CF2~1/10/bin/10.0.26100.0/x64/midl.exe -nologo -no_cpp -env x64 -I AccessibleTableCell.idl.tmp -I C:/Users/Zachary/Documents/Project/browser-dev/Floorp-Runtime/other-licenses/ia2 -app_config -dlldata C:/Users/Zachary/Documents/Project/browser-dev/Floorp-Runtime/obj-x86_64-pc-windows-msvc/accessible/interfaces/ia2/AccessibleTableCell_dlldata.c -Oicf AccessibleTableCell.idl.tmp\AccessibleTableCell.idl
 0:15.54 64 bit Processing AccessibleTable.idl.tmp\Accessible2.idl
 0:15.54 64 bit Processing AccessibleTable2.idl.tmp\AccessibleTable2.idl
 0:15.55 64 bit Processing AccessibleTable.idl.tmp\AccessibleRelation.idl
 0:15.55 64 bit Processing AccessibleTable2.idl.tmp\objidl.idl
 0:15.55 64 bit Processing AccessibleTable2.idl.tmp\unknwn.idl
 0:15.55 64 bit Processing AccessibleTable2.idl.tmp\wtypes.idl
 0:15.56 64 bit Processing AccessibleTable2.idl.tmp\wtypesbase.idl
 0:15.56 64 bit Processing AccessibleTable2.idl.tmp\basetsd.h
 0:15.56 64 bit Processing AccessibleTable2.idl.tmp\guiddef.h
 0:15.56 64 bit Processing AccessibleTextSelectionContainer.idl.tmp\oaidl.idl
 0:15.56 64 bit Processing AccessibleTable.idl.tmp\AccessibleStates.idl
 0:15.56 64 bit Processing AccessibleTable.idl.tmp\IA2CommonTypes.idl
 0:15.58 64 bit Processing AccessibleTextSelectionContainer.idl.tmp\oleacc.idl
 0:15.59 64 bit Processing AccessibleTable.idl.tmp\oaidl.acf
 0:15.61 64 bit Processing AccessibleTableCell.idl.tmp\AccessibleTableCell.idl
 0:15.61 64 bit Processing AccessibleTableCell.idl.tmp\objidl.idl
 0:15.61 64 bit Processing AccessibleTableCell.idl.tmp\unknwn.idl
 0:15.61 64 bit Processing AccessibleTableCell.idl.tmp\wtypes.idl
 0:15.62 64 bit Processing AccessibleTableCell.idl.tmp\wtypesbase.idl
 0:15.62 64 bit Processing AccessibleTableCell.idl.tmp\basetsd.h
 0:15.62 64 bit Processing AccessibleTableCell.idl.tmp\guiddef.h
 0:15.62 64 bit Processing AccessibleTextSelectionContainer.idl.tmp\AccessibleText.idl
 0:15.62 64 bit Processing AccessibleTable2.idl.tmp\oaidl.idl
 0:15.62 64 bit Processing AccessibleTextSelectionContainer.idl.tmp\IA2CommonTypes.idl
 0:15.63 64 bit Processing AccessibleTextSelectionContainer.idl.tmp\oaidl.acf
 0:15.65 Executing: C:/PROGRA~2/WI3CF2~1/10/bin/10.0.26100.0/x64/midl.exe -nologo -no_cpp -env x64 -I AccessibleText2.idl.tmp -I C:/Users/Zachary/Documents/Project/browser-dev/Floorp-Runtime/other-licenses/ia2 -app_config -dlldata C:/Users/Zachary/Documents/Project/browser-dev/Floorp-Runtime/obj-x86_64-pc-windows-msvc/accessible/interfaces/ia2/AccessibleText2_dlldata.c -Oicf AccessibleText2.idl.tmp\AccessibleText2.idl
 0:15.66 64 bit Processing AccessibleTable2.idl.tmp\oleacc.idl
 0:15.69 64 bit Processing AccessibleTableCell.idl.tmp\oaidl.idl
 0:15.71 64 bit Processing AccessibleTable2.idl.tmp\Accessible2.idl
 0:15.72 64 bit Processing AccessibleTable2.idl.tmp\AccessibleRelation.idl
 0:15.72 Executing: C:/PROGRA~2/WI3CF2~1/10/bin/10.0.26100.0/x64/midl.exe -nologo -no_cpp -env x64 -I AccessibleText.idl.tmp -I C:/Users/Zachary/Documents/Project/browser-dev/Floorp-Runtime/other-licenses/ia2 -app_config -dlldata C:/Users/Zachary/Documents/Project/browser-dev/Floorp-Runtime/obj-x86_64-pc-windows-msvc/accessible/interfaces/ia2/AccessibleText_dlldata.c -Oicf AccessibleText.idl.tmp\AccessibleText.idl
 0:15.74 64 bit Processing AccessibleTable2.idl.tmp\AccessibleStates.idl
 0:15.74 64 bit Processing AccessibleTableCell.idl.tmp\oleacc.idl
 0:15.74 64 bit Processing AccessibleTable2.idl.tmp\IA2CommonTypes.idl
 0:15.74 ./ffi.h.stub
 0:15.75 64 bit Processing AccessibleTable2.idl.tmp\oaidl.acf
 0:15.76 64 bit Processing AccessibleText2.idl.tmp\AccessibleText2.idl
 0:15.77 64 bit Processing AccessibleText2.idl.tmp\objidl.idl
 0:15.77 64 bit Processing AccessibleText2.idl.tmp\unknwn.idl
 0:15.77 64 bit Processing AccessibleText2.idl.tmp\wtypes.idl
 0:15.77 64 bit Processing AccessibleText2.idl.tmp\wtypesbase.idl
 0:15.77 64 bit Processing AccessibleText2.idl.tmp\basetsd.h
 0:15.77 64 bit Processing AccessibleText2.idl.tmp\guiddef.h
 0:15.79 64 bit Processing AccessibleTableCell.idl.tmp\Accessible2.idl
 0:15.80 64 bit Processing AccessibleTableCell.idl.tmp\AccessibleRelation.idl
 0:15.81 64 bit Processing AccessibleTableCell.idl.tmp\AccessibleStates.idl
 0:15.81 64 bit Processing AccessibleText.idl.tmp\AccessibleText.idl
 0:15.82 64 bit Processing AccessibleText.idl.tmp\objidl.idl
 0:15.82 64 bit Processing AccessibleText.idl.tmp\unknwn.idl
 0:15.82 64 bit Processing AccessibleTableCell.idl.tmp\IA2CommonTypes.idl
 0:15.82 64 bit Processing AccessibleText.idl.tmp\wtypes.idl
 0:15.82 64 bit Processing AccessibleText.idl.tmp\wtypesbase.idl
 0:15.82 64 bit Processing AccessibleText.idl.tmp\basetsd.h
 0:15.82 64 bit Processing AccessibleText.idl.tmp\guiddef.h
 0:15.82 64 bit Processing AccessibleTableCell.idl.tmp\oaidl.acf
 0:15.83 64 bit Processing AccessibleText2.idl.tmp\oaidl.idl
 0:15.85 Executing: C:/PROGRA~2/WI3CF2~1/10/bin/10.0.26100.0/x64/midl.exe -nologo -no_cpp -env x64 -I ISimpleDOM.idl.tmp -I C:/Users/Zachary/Documents/Project/browser-dev/Floorp-Runtime/accessible/interfaces/msaa -robust -dlldata C:/Users/Zachary/Documents/Project/browser-dev/Floorp-Runtime/obj-x86_64-pc-windows-msvc/accessible/interfaces/msaa/ISimpleDOM_dlldata.c -Oicf ISimpleDOM.idl.tmp\ISimpleDOM.idl
 0:15.86 64 bit Processing AccessibleText2.idl.tmp\oleacc.idl
 0:15.89 64 bit Processing AccessibleText2.idl.tmp\IA2CommonTypes.idl
 0:15.89 64 bit Processing AccessibleText.idl.tmp\oaidl.idl
 0:15.89 64 bit Processing AccessibleText2.idl.tmp\AccessibleText.idl
 0:15.90 64 bit Processing AccessibleText2.idl.tmp\oaidl.acf
 0:15.91 64 bit Processing AccessibleText.idl.tmp\oleacc.idl
 0:15.92 64 bit Processing ISimpleDOM.idl.tmp\ISimpleDOM.idl
 0:15.93 64 bit Processing ISimpleDOM.idl.tmp\objidl.idl
 0:15.93 64 bit Processing ISimpleDOM.idl.tmp\unknwn.idl
 0:15.93 64 bit Processing ISimpleDOM.idl.tmp\wtypes.idl
 0:15.93 64 bit Processing ISimpleDOM.idl.tmp\wtypesbase.idl
 0:15.94 64 bit Processing ISimpleDOM.idl.tmp\basetsd.h
 0:15.94 64 bit Processing ISimpleDOM.idl.tmp\guiddef.h
 0:15.95 64 bit Processing AccessibleText.idl.tmp\IA2CommonTypes.idl
 0:15.95 64 bit Processing AccessibleText.idl.tmp\oaidl.acf
 0:16.00 ./cbindgen-metadata.json.stub
 0:16.01 64 bit Processing ISimpleDOM.idl.tmp\oaidl.idl
 0:16.03 ./UseCounterList.h.stub
 0:16.05 ./UseCounterWorkerList.h.stub
 0:16.07 64 bit Processing ISimpleDOM.idl.tmp\oaidl.acf
 0:16.23 ./CSSStyleProperties.webidl.stub
 0:16.26 ./CSSPageDescriptors.webidl.stub
 0:16.27 ./CSSPositionTryDescriptors.webidl.stub
 0:16.28 ./CSSFontFaceDescriptors.webidl.stub
 0:16.29 ./CSSCounterStyleRule.webidl.stub
 0:16.44 ./CompositorD3D11Shaders.h.stub
 0:16.46 ./BaseChars.h.stub
 0:17.06 ./IsCombiningDiacritic.h.stub
 0:17.37 ./js-confdefs.h.stub
 0:17.57 W 1 warning generated.
 0:17.59 ./js-config.h.stub
 0:17.60 ./PrefsGenerated.h.stub
 0:17.63 C:/PROGRA~2/WI3CF2~1/10/bin/10.0.26100.0/x64/fxc.exe -nologo -Tvs_4_0_level_9_3 ..\gfx\layers\d3d11\CompositorD3D11.hlsl -ELayerQuadVS -VnLayerQuadVS -Vi -DVERTEX_SHADER -Fhtmpp7zm2pu4
 0:17.78 C:/PROGRA~2/WI3CF2~1/10/bin/10.0.26100.0/x64/fxc.exe -nologo -Tvs_4_0_level_9_3 ..\gfx\layers\d3d11\CompositorD3D11.hlsl -ELayerQuadClipVS -VnLayerQuadClipVS -Vi -DVERTEX_SHADER -Fhtmpoxcwsdhf
 0:17.87 W 1 warning generated.
 0:17.87 ./ProfilingCategoryList.h.stub
 0:17.91 C:/PROGRA~2/WI3CF2~1/10/bin/10.0.26100.0/x64/fxc.exe -nologo -Tps_4_0_level_9_3 ..\gfx\layers\d3d11\CompositorD3D11.hlsl -ESolidColorShader -VnSolidColorShader -Vi -DPIXEL_SHADER -Fhtmprusanfa6
 0:17.91 ./ReservedWordsGenerated.h.stub
 0:17.98 C:/PROGRA~2/WI3CF2~1/10/bin/10.0.26100.0/x64/fxc.exe -nologo -Tps_4_0_level_9_3 ..\gfx\layers\d3d11\CompositorD3D11.hlsl -ERGBShader -VnRGBShader -Vi -DPIXEL_SHADER -Fhtmp53xu6kz_
 0:18.02 ./StatsPhasesGenerated.h.stub
 0:18.03 ./ABIFunctionTypeGenerated.h.stub
 0:18.06 C:/PROGRA~2/WI3CF2~1/10/bin/10.0.26100.0/x64/fxc.exe -nologo -Tps_4_0_level_9_3 ..\gfx\layers\d3d11\CompositorD3D11.hlsl -ERGBClipShader -VnRGBClipShader -Vi -DPIXEL_SHADER -Fhtmplkfdlhc8
 0:18.12 ./MIROpsGenerated.h.stub
 0:18.16 C:/PROGRA~2/WI3CF2~1/10/bin/10.0.26100.0/x64/fxc.exe -nologo -Tps_4_0_level_9_3 ..\gfx\layers\d3d11\CompositorD3D11.hlsl -ERGBAShader -VnRGBAShader -Vi -DPIXEL_SHADER -Fhtmpcoz98nrz
 0:18.24 C:/PROGRA~2/WI3CF2~1/10/bin/10.0.26100.0/x64/fxc.exe -nologo -Tps_4_0_level_9_3 ..\gfx\layers\d3d11\CompositorD3D11.hlsl -ERGBAClipShader -VnRGBAClipShader -Vi -DPIXEL_SHADER -Fhtmpn6tgpwqv
 0:18.33 C:/PROGRA~2/WI3CF2~1/10/bin/10.0.26100.0/x64/fxc.exe -nologo -Tps_4_0_level_9_3 ..\gfx\layers\d3d11\CompositorD3D11.hlsl -EYCbCrShader -VnYCbCrShader -Vi -DPIXEL_SHADER -Fhtmpf0zroest
 0:18.42 C:/PROGRA~2/WI3CF2~1/10/bin/10.0.26100.0/x64/fxc.exe -nologo -Tps_4_0_level_9_3 ..\gfx\layers\d3d11\CompositorD3D11.hlsl -EYCbCrClipShader -VnYCbCrClipShader -Vi -DPIXEL_SHADER -Fhtmpbf0nug3w
 0:18.44 Executing: C:/PROGRA~2/WI3CF2~1/10/bin/10.0.26100.0/x64/midl.exe -nologo -no_cpp -env x64 -I IA2Typelib.idl.tmp -I C:/Users/Zachary/Documents/Project/browser-dev/Floorp-Runtime/other-licenses/ia2 -app_config -Oicf IA2Typelib.idl.tmp\IA2Typelib.idl
 0:18.51 64 bit Processing IA2Typelib.idl.tmp\IA2Typelib.idl
 0:18.51 64 bit Processing IA2Typelib.idl.tmp\Accessible2.idl
 0:18.51 64 bit Processing IA2Typelib.idl.tmp\objidl.idl
 0:18.51 64 bit Processing IA2Typelib.idl.tmp\unknwn.idl
 0:18.51 64 bit Processing IA2Typelib.idl.tmp\wtypes.idl
 0:18.52 64 bit Processing IA2Typelib.idl.tmp\wtypesbase.idl
 0:18.52 64 bit Processing IA2Typelib.idl.tmp\basetsd.h
 0:18.52 64 bit Processing IA2Typelib.idl.tmp\guiddef.h
 0:18.54 C:/PROGRA~2/WI3CF2~1/10/bin/10.0.26100.0/x64/fxc.exe -nologo -Tps_4_0_level_9_3 ..\gfx\layers\d3d11\CompositorD3D11.hlsl -ENV12Shader -VnNV12Shader -Vi -DPIXEL_SHADER -Fhtmpa6sgtxtk
 0:18.58 64 bit Processing IA2Typelib.idl.tmp\oaidl.idl
 0:18.62 64 bit Processing IA2Typelib.idl.tmp\oleacc.idl
 0:18.65 C:/PROGRA~2/WI3CF2~1/10/bin/10.0.26100.0/x64/fxc.exe -nologo -Tps_4_0_level_9_3 ..\gfx\layers\d3d11\CompositorD3D11.hlsl -ENV12ClipShader -VnNV12ClipShader -Vi -DPIXEL_SHADER -Fhtmplss8zh0l
 0:18.65 64 bit Processing IA2Typelib.idl.tmp\AccessibleRelation.idl
 0:18.66 64 bit Processing IA2Typelib.idl.tmp\AccessibleStates.idl
 0:18.66 64 bit Processing IA2Typelib.idl.tmp\IA2CommonTypes.idl
 0:18.68 64 bit Processing IA2Typelib.idl.tmp\Accessible2_2.idl
 0:18.68 64 bit Processing IA2Typelib.idl.tmp\AccessibleAction.idl
 0:18.69 64 bit Processing IA2Typelib.idl.tmp\AccessibleApplication.idl
 0:18.69 64 bit Processing IA2Typelib.idl.tmp\AccessibleComponent.idl
 0:18.70 64 bit Processing IA2Typelib.idl.tmp\AccessibleDocument.idl
 0:18.71 64 bit Processing IA2Typelib.idl.tmp\AccessibleEditableText.idl
 0:18.72 64 bit Processing IA2Typelib.idl.tmp\AccessibleEventId.idl
 0:18.72 64 bit Processing IA2Typelib.idl.tmp\AccessibleHyperlink.idl
 0:18.73 64 bit Processing IA2Typelib.idl.tmp\AccessibleHypertext.idl
 0:18.73 64 bit Processing IA2Typelib.idl.tmp\AccessibleText.idl
 0:18.75 64 bit Processing IA2Typelib.idl.tmp\AccessibleHypertext2.idl
 0:18.76 64 bit Processing IA2Typelib.idl.tmp\AccessibleImage.idl
 0:18.77 64 bit Processing IA2Typelib.idl.tmp\AccessibleRole.idl
 0:18.77 64 bit Processing IA2Typelib.idl.tmp\AccessibleTable.idl
 0:18.79 64 bit Processing IA2Typelib.idl.tmp\AccessibleTable2.idl
 0:18.80 64 bit Processing IA2Typelib.idl.tmp\AccessibleTableCell.idl
 0:18.81 64 bit Processing IA2Typelib.idl.tmp\AccessibleText2.idl
 0:18.82 64 bit Processing IA2Typelib.idl.tmp\AccessibleTextSelectionContainer.idl
 0:18.84 64 bit Processing IA2Typelib.idl.tmp\AccessibleValue.idl
 0:18.85 64 bit Processing IA2Typelib.idl.tmp\oaidl.acf
 0:18.86 ./LIROpsGenerated.h.stub
 0:18.87 ./CacheIROpsGenerated.h.stub
 0:19.03 ./AtomicOperationsGenerated.h.stub
 0:19.21 ./WasmBuiltinModuleGenerated.h.stub
 0:19.22 ./FrameIdList.h.stub
 0:19.33 ./FrameTypeList.h.stub
 0:19.34 ./NonCustomCSSPropertyId.h.stub
 0:19.51 ./ServoCSSPropList.h.stub
 0:19.55 ./PseudoStyleTypeList.h.stub
 0:20.02 ./CompositorAnimatableProperties.h.stub
 0:20.49 ./CountedUnknownProperties.h.stub
 0:20.59 ./ExampleStylesheet.h.stub
 0:20.62 ./StaticPrefListAll.h.stub
 0:20.74 ./registered_field_trials.h.stub
 0:21.11 ./TestGeckoTraceEvents.h.stub
 0:21.25 ./GeckoTraceEvents.h.stub
 0:21.28 ./glean_adapter.rs.stub
 0:21.39 ./metrics_yamls.cached.stub
 0:21.41 ./pings_yamls.cached.stub
 0:21.90 ./NimbusFeatureManifest.h.stub
 0:22.09 ./TelemetryHistogramEnums.h.stub
 0:22.12 ./TelemetryHistogramNameMap.h.stub
 0:22.24 ./TelemetryScalarData.h.stub
 0:22.29 ./TelemetryScalarEnums.h.stub
 0:22.87 ./TelemetryEventData.h.stub
 0:23.14 ./TelemetryEventEnums.h.stub
 0:23.23 ./TelemetryProcessEnums.h.stub
 0:23.25 ./TelemetryProcessData.h.stub
 0:23.51 ./TelemetryUserInteractionData.h.stub
 0:23.65 ./TelemetryUserInteractionNameMap.h.stub
 0:24.46 ./validated.yaml.stub
 0:24.55 ./dep1Cert.h.stub
 0:24.77 ./dep2Cert.h.stub
 0:24.86 ./primaryCert.h.stub
 0:24.95 ./secondaryCert.h.stub
 0:25.25 ./xpcshellCert.h.stub
 0:25.27 ./WindowsDllBlocklistA11yDefs.h.stub
 0:25.28 ./profiling_categories.rs.stub
 0:25.41 ./ErrorList.h.stub
 0:25.95 ./ErrorNamesInternal.h.stub
 0:25.98 ./error_list.rs.stub
 0:26.00 ./extra_xpc_msg.h.stub
 0:26.40 ./Services.h.stub
 0:26.50 ./GeckoProcessTypes.h.stub
 0:26.52 ./Components.h.stub
 0:26.62 ./nsGkAtomList.h.stub
 0:26.64 ./xpidl.stub.stub
 0:27.72 ./application.ini.stub
 0:27.77 ./selfhosted.out.h.stub
 0:27.79 ./GleanPings.h.stub
 0:27.94 ./CrashAnnotations.h.stub
 0:29.83 WARNING: mkdir -dot- requested by C:/make441/bin/make.exe -C C:/Users/Zachary/Documents/Project/browser-dev/Floorp-Runtime/obj-x86_64-pc-windows-msvc/config/makefiles/xpidl xpidl
 0:29.90 config/makefiles/xpidl/AboutThirdParty.xpt
 0:29.92 config/makefiles/xpidl/AboutWindowsMessages.xpt
 0:30.09 config/makefiles/xpidl/Bits.xpt
 0:30.13 ./application.ini.h.stub
 0:30.22 config/makefiles/xpidl/accessibility.xpt
 0:30.46 config/makefiles/xpidl/alerts.xpt
 0:30.73 config/makefiles/xpidl/appshell.xpt
 0:31.87 config/makefiles/xpidl/appstartup.xpt
 0:32.32 config/makefiles/xpidl/autocomplete.xpt
 0:32.43 config/makefiles/xpidl/autoplay.xpt
 0:33.29 config/makefiles/xpidl/backgroundhangmonitor.xpt
 0:34.44 config/makefiles/xpidl/browsercompsbase.xpt
 0:34.90 config/makefiles/xpidl/caps.xpt
 0:35.57 config/makefiles/xpidl/captivedetect.xpt
 0:36.58 config/makefiles/xpidl/cascade_bindings.xpt
 0:37.00 config/makefiles/xpidl/chrome.xpt
 0:38.17 config/makefiles/xpidl/commandhandler.xpt
 0:38.45 config/makefiles/xpidl/commandlines.xpt
 0:39.15 config/makefiles/xpidl/composer.xpt
 0:39.81 config/makefiles/xpidl/content-classifier.xpt
 0:40.31 config/makefiles/xpidl/content_events.xpt
 0:40.56 config/makefiles/xpidl/content_geckomediaplugins.xpt
 0:41.00 config/makefiles/xpidl/dap.xpt
 0:41.54 config/makefiles/xpidl/default-agent.xpt
 0:41.98 ./GleanMetrics.h.stub
 0:42.12 config/makefiles/xpidl/docshell.xpt
 0:42.48 ./GleanJSMetricsLookup.cpp.stub
 0:42.55 config/makefiles/xpidl/dom.xpt
 0:42.84 ./metrics.rs.stub
 0:43.23 ./factory.rs.stub
 0:43.27 config/makefiles/xpidl/dom_audiochannel.xpt
 0:43.87 config/makefiles/xpidl/dom_base.xpt
 0:45.47 config/makefiles/xpidl/dom_bindings.xpt
 0:45.80 config/makefiles/xpidl/dom_events.xpt
 0:46.07 config/makefiles/xpidl/dom_geolocation.xpt
 0:46.42 config/makefiles/xpidl/dom_identitycredential.xpt
 0:46.87 config/makefiles/xpidl/dom_indexeddb.xpt
 0:47.66 config/makefiles/xpidl/dom_localstorage.xpt
 0:47.97 config/makefiles/xpidl/dom_media.xpt
 0:48.08 config/makefiles/xpidl/dom_modelcontext.xpt
 0:48.49 config/makefiles/xpidl/dom_network.xpt
 0:48.69 config/makefiles/xpidl/dom_notification.xpt
 0:48.79 config/makefiles/xpidl/dom_payments.xpt
 0:49.40 config/makefiles/xpidl/dom_permission.xpt
 0:49.53 config/makefiles/xpidl/dom_power.xpt
 0:49.68 config/makefiles/xpidl/dom_push.xpt
 0:49.87 config/makefiles/xpidl/dom_quota.xpt
 0:50.25 config/makefiles/xpidl/dom_security.xpt
 0:50.28 config/makefiles/xpidl/dom_serializers.xpt
 0:50.89 config/makefiles/xpidl/dom_sidebar.xpt
 0:51.25 config/makefiles/xpidl/dom_simpledb.xpt
 0:51.56 config/makefiles/xpidl/dom_storage.xpt
 0:51.65 config/makefiles/xpidl/dom_system.xpt
 0:52.01 config/makefiles/xpidl/dom_webauthn.xpt
 0:52.73 config/makefiles/xpidl/dom_webspeechrecognition.xpt
 0:53.06 config/makefiles/xpidl/dom_webspeechsynth.xpt
 0:53.42 config/makefiles/xpidl/dom_workers.xpt
 0:53.55 config/makefiles/xpidl/dom_xslt.xpt
 0:53.60 config/makefiles/xpidl/dom_xul.xpt
 0:53.78 config/makefiles/xpidl/downloads.xpt
 0:54.15 config/makefiles/xpidl/editor.xpt
 0:54.25 config/makefiles/xpidl/enterprisepolicies.xpt
 0:55.06 config/makefiles/xpidl/extensions.xpt
 0:55.18 config/makefiles/xpidl/exthandler.xpt
 0:55.50 config/makefiles/xpidl/fastfind.xpt
 0:55.62 config/makefiles/xpidl/fog.xpt
 0:56.01 config/makefiles/xpidl/gfx.xpt
 0:56.35 config/makefiles/xpidl/html5.xpt
 0:56.38 config/makefiles/xpidl/htmlparser.xpt
 0:56.49 ./GeneratedElementDocumentState.h.stub
 0:56.49 config/makefiles/xpidl/http-sfv.xpt
 0:56.91 ./fragmentdirectives_ffi_generated.h.stub
 0:56.95 ./data_encoding_ffi_generated.h.stub
 0:57.02 config/makefiles/xpidl/imglib2.xpt
 0:57.16 ./mime_guess_ffi_generated.h.stub
 0:57.71 ./audioipc2_client_ffi_generated.h.stub
 0:57.79 config/makefiles/xpidl/inspector.xpt
 0:57.90 ./audioipc2_server_ffi_generated.h.stub
 0:57.92 config/makefiles/xpidl/intl.xpt
 0:58.05 ./RsdparsaSdpInc.h.stub
 0:58.47 config/makefiles/xpidl/jar.xpt
 0:58.66 ./midir_impl_ffi_generated.h.stub
 0:59.12 ./origin_trials_ffi_generated.h.stub
 0:59.23 config/makefiles/xpidl/jsdevtools.xpt
 0:59.44 ./webrender_ffi_generated.h.stub
 0:59.46 config/makefiles/xpidl/kvstore.xpt
 0:59.78 ./wgpu_ffi_generated.h.stub
 1:00.06 config/makefiles/xpidl/layout_base.xpt
 1:00.24 ./jxl_decoder_ffi.h.stub
 1:00.31 config/makefiles/xpidl/layout_style.xpt
 1:00.62 config/makefiles/xpidl/layout_xul_tree.xpt
 1:01.02 ./unicode_bidi_ffi_generated.h.stub
 1:01.32 ./mapped_hyph.h.stub
 1:01.34 config/makefiles/xpidl/locale.xpt
 1:01.48 ./fluent_ffi_generated.h.stub
 1:01.89 ./l10nregistry_ffi_generated.h.stub
 1:02.05 ./localization_ffi_generated.h.stub
 1:02.44 config/makefiles/xpidl/lockstore.xpt
 1:02.91 ./fluent_langneg_ffi_generated.h.stub
 1:03.21 config/makefiles/xpidl/loginmgr.xpt
 1:03.58 ./locale_service_glue_generated.h.stub
 1:04.05 config/makefiles/xpidl/migration.xpt
 1:04.11 ./oxilangtag_ffi_generated.h.stub
 1:04.74 ./unic_langid_ffi_generated.h.stub
 1:05.11 config/makefiles/xpidl/mimetype.xpt
 1:05.16 config/makefiles/xpidl/ml.xpt
 1:05.37 config/makefiles/xpidl/mozfind.xpt
 1:05.49 ./collator_glue.h.stub
 1:05.51 config/makefiles/xpidl/mozintl.xpt
 1:05.91 ./Locale.h.stub
 1:05.99 ./normalizer_glue.h.stub
 1:06.29 config/makefiles/xpidl/necko.xpt
 1:06.75 ./properties_glue.h.stub
 1:07.22 ./ServoStyleConsts.h.stub
 1:07.30 config/makefiles/xpidl/necko_about.xpt
 1:07.63 ./mp4parse_ffi_generated.h.stub
 1:07.82 ./http_sfv_ffi_generated.h.stub
 1:08.19 config/makefiles/xpidl/necko_cache2.xpt
 1:08.30 ./idna_glue.h.stub
 1:08.32 config/makefiles/xpidl/necko_cookie.xpt
 1:08.51 ./MozURL_ffi.h.stub
 1:08.82 config/makefiles/xpidl/necko_dns.xpt
 1:09.11 config/makefiles/xpidl/necko_file.xpt
 1:09.94 config/makefiles/xpidl/necko_http.xpt
 1:10.11 config/makefiles/xpidl/necko_res.xpt
 1:10.77 ./rust_helper.h.stub
 1:10.89 config/makefiles/xpidl/necko_socket.xpt
 1:11.26 ./ssl_tokens_cache.h.stub
 1:11.37 ./uritemplate_glue.h.stub
 1:11.46 config/makefiles/xpidl/necko_strconv.xpt
 1:12.43 ./urlpattern_glue.h.stub
 1:13.31 config/makefiles/xpidl/necko_viewsource.xpt
 1:13.51 ./happy_eyeballs_glue.h.stub
 1:13.61 config/makefiles/xpidl/necko_websocket.xpt
 1:13.96 config/makefiles/xpidl/necko_webtransport.xpt
 1:14.03 config/makefiles/xpidl/necko_wifi.xpt
 1:14.43 config/makefiles/xpidl/nsIInstallationDirLayout.xpt
 1:14.98 ./neqo_glue_ffi_generated.h.stub
 1:15.31 ./signature_cache_ffi.h.stub
 1:15.67 ./lockstore_ffi_generated.h.stub
 1:15.95 config/makefiles/xpidl/parentalcontrols.xpt
 1:15.97 ./mozilla_abridged_certs_generated.h.stub
 1:16.65 ./pdf_trust_anchors_ffi_generated.h.stub
 1:17.69 config/makefiles/xpidl/peerconnection.xpt
 1:17.91 necko_deps_built = C:/Users/Zachary/Documents/Project/browser-dev/Floorp-Runtime/netwerk/base/mozIThirdPartyUtil.idl C:/Users/Zachary/Documents/Project/browser-dev/Floorp-Runtime/netwerk/base/nsIAndroidContentInputStream.idl C:/Users/Zachary/Documents/Project/browser-dev/Floorp-Runtime/netwerk/base/nsIArrayBufferInputStream.idl C:/Users/Zachary/Documents/Project/browser-dev/Floorp-Runtime/netwerk/base/nsIAsyncStreamCopier.idl C:/Users/Zachary/Documents/Project/browser-dev/Floorp-Runtime/netwerk/base/nsIAsyncStreamCopier2.idl C:/Users/Zachary/Documents/Project/browser-dev/Floorp-Runtime/netwerk/base/nsIAsyncVerifyRedirectCallback.idl C:/Users/Zachary/Documents/Project/browser-dev/Floorp-Runtime/netwerk/base/nsIAuthInformation.idl C:/Users/Zachary/Documents/Project/browser-dev/Floorp-Runtime/netwerk/base/nsIAuthModule.idl C:/Users/Zachary/Documents/Project/browser-dev/Floorp-Runtime/netwerk/base/nsIAuthPrompt.idl C:/Users/Zachary/Documents/Project/browser-dev/Floorp-Runtime/netwerk/base/nsIAuthPrompt2.idl C:/Users/Zachary/Documents/Project/browser-dev/Floorp-Runtime/netwerk/base/nsIAuthPromptAdapterFactory.idl C:/Users/Zachary/Documents/Project/browser-dev/Floorp-Runtime/netwerk/base/nsIAuthPromptCallback.idl C:/Users/Zachary/Documents/Project/browser-dev/Floorp-Runtime/netwerk/base/nsIAuthPromptProvider.idl C:/Users/Zachary/Documents/Project/browser-dev/Floorp-Runtime/netwerk/base/nsIBackgroundFileSaver.idl C:/Users/Zachary/Documents/Project/browser-dev/Floorp-Runtime/netwerk/base/nsIBaseChannel.idl C:/Users/Zachary/Documents/Project/browser-dev/Floorp-Runtime/netwerk/base/nsIBufferedStreams.idl C:/Users/Zachary/Documents/Project/browser-dev/Floorp-Runtime/netwerk/base/nsIByteRangeRequest.idl C:/Users/Zachary/Documents/Project/browser-dev/Floorp-Runtime/netwerk/base/nsICacheInfoChannel.idl C:/Users/Zachary/Documents/Project/browser-dev/Floorp-Runtime/netwerk/base/nsICachingChannel.idl C:/Users/Zachary/Documents/Project/browser-dev/Floorp-Runtime/netwerk/base/nsICancelable.idl C:/Users/Zachary/Documents/Project/browser-dev/Floorp-Runtime/netwerk/base/nsICaptivePortalService.idl C:/Users/Zachary/Documents/Project/browser-dev/Floorp-Runtime/netwerk/base/nsIChannel.idl C:/Users/Zachary/Documents/Project/browser-dev/Floorp-Runtime/netwerk/base/nsIChannelEventSink.idl C:/Users/Zachary/Documents/Project/browser-dev/Floorp-Runtime/netwerk/base/nsIChildChannel.idl C:/Users/Zachary/Documents/Project/browser-dev/Floorp-Runtime/netwerk/base/nsIClassOfService.idl C:/Users/Zachary/Documents/Project/browser-dev/Floorp-Runtime/netwerk/base/nsIClassifiedChannel.idl C:/Users/Zachary/Documents/Project/browser-dev/Floorp-Runtime/netwerk/base/nsIContentSniffer.idl C:/Users/Zachary/Documents/Project/browser-dev/Floorp-Runtime/netwerk/base/nsIDHCPClient.idl C:/Users/Zachary/Documents/Project/browser-dev/Floorp-Runtime/netwerk/base/nsIDashboard.idl C:/Users/Zachary/Documents/Project/browser-dev/Floorp-Runtime/netwerk/base/nsIDashboardEventNotifier.idl C:/Users/Zachary/Documents/Project/browser-dev/Floorp-Runtime/netwerk/base/nsIDownloader.idl C:/Users/Zachary/Documents/Project/browser-dev/Floorp-Runtime/netwerk/base/nsIEncodedChannel.idl C:/Users/Zachary/Documents/Project/browser-dev/Floorp-Runtime/netwerk/base/nsIExternalProtocolHandler.idl C:/Users/Zachary/Documents/Project/browser-dev/Floorp-Runtime/netwerk/base/nsIFileStreams.idl C:/Users/Zachary/Documents/Project/browser-dev/Floorp-Runtime/netwerk/base/nsIFileURL.idl C:/Users/Zachary/Documents/Project/browser-dev/Floorp-Runtime/netwerk/base/nsIForcePendingChannel.idl C:/Users/Zachary/Documents/Project/browser-dev/Floorp-Runtime/netwerk/base/nsIFormPOSTActionChannel.idl C:/Users/Zachary/Documents/Project/browser-dev/Floorp-Runtime/netwerk/base/nsIHttpAuthenticatorCallback.idl C:/Users/Zachary/Documents/Project/browser-dev/Floorp-Runtime/netwerk/base/nsIIOService.idl C:/Users/Zachary/Documents/Project/browser-dev/Floorp-Runtime/netwerk/base/nsIIncrementalDownload.idl C:/Users/Zachary/Documents/Project/browser-dev/Floorp-Runtime/netwerk/base/nsIIncrementalStreamLoader.idl C:/Users/Zachary/Documents/Project/browser-dev/Floorp-Runtime/netwerk/base/nsIInputStreamChannel.idl C:/Users/Zachary/Documents/Project/browser-dev/Floorp-Runtime/netwerk/base/nsIInputStreamPump.idl C:/Users/Zachary/Documents/Project/browser-dev/Floorp-Runtime/netwerk/base/nsIInterceptionInfo.idl C:/Users/Zachary/Documents/Project/browser-dev/Floorp-Runtime/netwerk/base/nsILoadContextInfo.idl C:/Users/Zachary/Documents/Project/browser-dev/Floorp-Runtime/netwerk/base/nsILoadGroup.idl C:/Users/Zachary/Documents/Project/browser-dev/Floorp-Runtime/netwerk/base/nsILoadGroupChild.idl C:/Users/Zachary/Documents/Project/browser-dev/Floorp-Runtime/netwerk/base/nsILoadInfo.idl C:/Users/Zachary/Documents/Project/browser-dev/Floorp-Runtime/netwerk/base/nsIMIMEInputStream.idl C:/Users/Zachary/Documents/Project/browser-dev/Floorp-Runtime/netwerk/base/nsIMockNetworkLayerController.idl C:/Users/Zachary/Documents/Project/browser-dev/Floorp-Runtime/netwerk/base/nsIMultiPartChannel.idl C:/Users/Zachary/Documents/Project/browser-dev/Floorp-Runtime/netwerk/base/nsINestedURI.idl C:/Users/Zachary/Documents/Project/browser-dev/Floorp-Runtime/netwerk/base/nsINetAddr.idl C:/Users/Zachary/Documents/Project/browser-dev/Floorp-Runtime/netwerk/base/nsINetUtil.idl C:/Users/Zachary/Documents/Project/browser-dev/Floorp-Runtime/netwerk/base/nsINetworkConnectivityService.idl C:/Users/Zachary/Documents/Project/browser-dev/Floorp-Runtime/netwerk/base/nsINetworkInfoService.idl C:/Users/Zachary/Documents/Project/browser-dev/Floorp-Runtime/netwerk/base/nsINetworkInterceptController.idl C:/Users/Zachary/Documents/Project/browser-dev/Floorp-Runtime/netwerk/base/nsINetworkLinkService.idl C:/Users/Zachary/Documents/Project/browser-dev/Floorp-Runtime/netwerk/base/nsINullChannel.idl C:/Users/Zachary/Documents/Project/browser-dev/Floorp-Runtime/netwerk/base/nsIParentChannel.idl C:/Users/Zachary/Documents/Project/browser-dev/Floorp-Runtime/netwerk/base/nsIParentRedirectingChannel.idl C:/Users/Zachary/Documents/Project/browser-dev/Floorp-Runtime/netwerk/base/nsIPermission.idl C:/Users/Zachary/Documents/Project/browser-dev/Floorp-Runtime/netwerk/base/nsIPermissionManager.idl C:/Users/Zachary/Documents/Project/browser-dev/Floorp-Runtime/netwerk/base/nsIPrivateBrowsingChannel.idl C:/Users/Zachary/Documents/Project/browser-dev/Floorp-Runtime/netwerk/base/nsIProgressEventSink.idl C:/Users/Zachary/Documents/Project/browser-dev/Floorp-Runtime/netwerk/base/nsIPrompt.idl C:/Users/Zachary/Documents/Project/browser-dev/Floorp-Runtime/netwerk/base/nsIProtocolHandler.idl C:/Users/Zachary/Documents/Project/browser-dev/Floorp-Runtime/netwerk/base/nsIProtocolProxyCallback.idl C:/Users/Zachary/Documents/Project/browser-dev/Floorp-Runtime/netwerk/base/nsIProtocolProxyFilter.idl C:/Users/Zachary/Documents/Project/browser-dev/Floorp-Runtime/netwerk/base/nsIProtocolProxyService.idl C:/Users/Zachary/Documents/Project/browser-dev/Floorp-Runtime/netwerk/base/nsIProtocolProxyService2.idl C:/Users/Zachary/Documents/Project/browser-dev/Floorp-Runtime/netwerk/base/nsIProxiedChannel.idl C:/Users/Zachary/Documents/Project/browser-dev/Floorp-Runtime/netwerk/base/nsIProxiedProtocolHandler.idl C:/Users/Zachary/Documents/Project/browser-dev/Floorp-Runtime/netwerk/base/nsIProxyInfo.idl C:/Users/Zachary/Documents/Project/browser-dev/Floorp-Runtime/netwerk/base/nsIRandomGenerator.idl C:/Users/Zachary/Documents/Project/browser-dev/Floorp-Runtime/netwerk/base/nsIRedirectChannelRegistrar.idl C:/Users/Zachary/Documents/Project/browser-dev/Floorp-Runtime/netwerk/base/nsIRedirectHistoryEntry.idl C:/Users/Zachary/Documents/Project/browser-dev/Floorp-Runtime/netwerk/base/nsIRedirectResultListener.idl C:/Users/Zachary/Documents/Project/browser-dev/Floorp-Runtime/netwerk/base/nsIRequest.idl C:/Users/Zachary/Documents/Project/browser-dev/Floorp-Runtime/netwerk/base/nsIRequestContext.idl C:/Users/Zachary/Documents/Project/browser-dev/Floorp-Runtime/netwerk/base/nsIRequestObserver.idl C:/Users/Zachary/Documents/Project/browser-dev/Floorp-Runtime/netwerk/base/nsIRequestObserverProxy.idl C:/Users/Zachary/Documents/Project/browser
 1:18.11 ./qwac_trust_anchors_ffi_generated.h.stub
 1:18.48 ./mls_gk_ffi_generated.h.stub
 1:18.57 config/makefiles/xpidl/permissions.xpt
 1:18.63 config/makefiles/xpidl/pipnss.xpt
 1:19.23 config/makefiles/xpidl/places.xpt
 1:19.42 config/makefiles/xpidl/pref.xpt
 1:20.29 ./content_classifier_ffi.h.stub
 1:20.44 ./dap_ffi_generated.h.stub
 1:20.82 ./fog_ffi_generated.h.stub
 1:20.94 config/makefiles/xpidl/prefetch.xpt
 1:22.11 config/makefiles/xpidl/privateattribution.xpt
 1:22.39 ./jog_ffi_generated.h.stub
 1:22.40 config/makefiles/xpidl/profiler.xpt
 1:22.97 config/makefiles/xpidl/rdd_process_xpcom_test.xpt
 1:23.30 ./profiler_ffi_generated.h.stub
 1:23.44 config/makefiles/xpidl/remote.xpt
 1:23.99 ./gk_rust_utils_ffi_generated.h.stub
 1:24.45 config/makefiles/xpidl/reputationservice.xpt
 1:24.56 config/makefiles/xpidl/sandbox.xpt
 1:25.55 config/makefiles/xpidl/satchel.xpt
 1:26.23 config/makefiles/xpidl/services.xpt
 1:26.41 config/makefiles/xpidl/sessionstore.xpt
 1:26.73 config/makefiles/xpidl/shellservice.xpt
 1:27.02 config/makefiles/xpidl/shistory.xpt
 1:27.35 config/makefiles/xpidl/spellchecker.xpt
 1:27.65 config/makefiles/xpidl/startupcache.xpt
 1:28.45 config/makefiles/xpidl/storage.xpt
 1:28.76 config/makefiles/xpidl/taskscheduler.xpt
 1:29.69 config/makefiles/xpidl/telemetry.xpt
 1:29.73 config/makefiles/xpidl/test_necko.xpt
 1:30.18 config/makefiles/xpidl/thumbnails.xpt
 1:30.56 config/makefiles/xpidl/toolkit_antitracking.xpt
 1:30.95 config/makefiles/xpidl/toolkit_asyncshutdown.xpt
 1:31.36 config/makefiles/xpidl/toolkit_backgroundtasks.xpt
 1:31.92 config/makefiles/xpidl/toolkit_cleardata.xpt
 1:32.19 config/makefiles/xpidl/toolkit_contentanalysis.xpt
 1:32.58 config/makefiles/xpidl/toolkit_cookiebanners.xpt
 1:32.60 config/makefiles/xpidl/toolkit_crashservice.xpt
 1:32.64 config/makefiles/xpidl/toolkit_finalizationwitness.xpt
 1:33.13 config/makefiles/xpidl/toolkit_media.xpt
 1:33.14 config/makefiles/xpidl/toolkit_modules.xpt
 1:33.31 config/makefiles/xpidl/toolkit_processtools.xpt
 1:33.44 config/makefiles/xpidl/toolkit_resistfingerprinting.xpt
 1:33.54 config/makefiles/xpidl/toolkit_shell.xpt
 1:33.57 config/makefiles/xpidl/toolkit_terminator.xpt
 1:33.86 config/makefiles/xpidl/toolkit_xulstore.xpt
 1:34.66 config/makefiles/xpidl/toolkitprofile.xpt
 1:35.19 config/makefiles/xpidl/toolkitremote.xpt
 1:35.31 config/makefiles/xpidl/txmgr.xpt
 1:35.44 config/makefiles/xpidl/txtsvc.xpt
 1:35.78 config/makefiles/xpidl/uconv.xpt
 1:35.97 config/makefiles/xpidl/update.xpt
 1:35.98 config/makefiles/xpidl/uriloader.xpt
 1:36.01 config/makefiles/xpidl/url-classifier.xpt
 1:36.50 config/makefiles/xpidl/urlformatter.xpt
 1:36.52 config/makefiles/xpidl/utility_process_xpcom_test.xpt
 1:36.85 config/makefiles/xpidl/webBrowser_core.xpt
 1:37.13 config/makefiles/xpidl/webbrowserpersist.xpt
 1:37.41 config/makefiles/xpidl/webextensions.xpt
 1:37.64 config/makefiles/xpidl/webvtt.xpt
 1:37.95 config/makefiles/xpidl/widget.xpt
 1:37.99 config/makefiles/xpidl/widget_windows.xpt
 1:38.61 config/makefiles/xpidl/windowcreator.xpt
 1:38.78 config/makefiles/xpidl/windows_package_manager.xpt
 1:39.17 config/makefiles/xpidl/windowwatcher.xpt
 1:39.29 config/makefiles/xpidl/xpcom_base.xpt
 1:39.49 config/makefiles/xpidl/xpcom_components.xpt
 1:39.61 config/makefiles/xpidl/xpcom_ds.xpt
 1:39.83 config/makefiles/xpidl/xpcom_io.xpt
 1:40.27 config/makefiles/xpidl/xpcom_system.xpt
 1:40.36 config/makefiles/xpidl/xpcom_threads.xpt
 1:40.53 config/makefiles/xpidl/xpcomtest.xpt
 1:40.85 config/makefiles/xpidl/xpconnect.xpt
 1:41.10 config/makefiles/xpidl/xpctest.xpt
 1:41.29 config/makefiles/xpidl/xul.xpt
 1:41.82 config/makefiles/xpidl/xulapp.xpt
 1:42.11 config/makefiles/xpidl/zipwriter.xpt
 1:44.35 config/makefiles/xpidl/xptdata.stub
 1:51.24 security/nss/lib/freebl/freebl3.dll.def.stub
 1:51.30 security/nss3.dll.def.stub
 1:51.46 security/nss/lib/freebl
 1:51.52 config/external/nspr/ds
 1:51.55 config/external/nspr/libc
 1:51.59 config/external/nspr/pr
 1:51.87 W warning: Cargo.toml: unused manifest key: patch.crates-io.ohttp.revision
 1:51.87 W warning: workspace (manifest) generated 1 warning
 1:52.16 W 1 warning generated.
 1:52.60 Microsoft (R) Macro Assembler (x64) Version 14.51.36252.0
 1:52.60 Copyright (C) Microsoft Corporation.  All rights reserved.
 1:52.63  Assembling: C:/Users/Zachary/Documents/Project/browser-dev/Floorp-Runtime/security/nss/lib/freebl/intel-aes-x64-masm.asm
 1:52.83 Microsoft (R) Macro Assembler (x64) Version 14.51.36252.0
 1:52.83 Copyright (C) Microsoft Corporation.  All rights reserved.
 1:52.85  Assembling: C:/Users/Zachary/Documents/Project/browser-dev/Floorp-Runtime/security/nss/lib/freebl/intel-gcm-x64-masm.asm
 1:53.28 W 1 warning generated.
 1:55.05 build/pure_virtual
 1:55.11 ipc/mscom/mozglue
 1:55.61 memory/build
 1:55.82 memory/mozalloc
 1:57.07 W In file included from C:\Users\Zachary\Documents\Project\browser-dev\Floorp-Runtime\obj-x86_64-pc-windows-msvc\config\external\nspr\pr\Unified_c_external_nspr_pr1.c:38:
 1:57.10 W In file included from C:\Users\Zachary\Documents\Project\browser-dev\Floorp-Runtime\obj-x86_64-pc-windows-msvc\config\external\nspr\pr\Unified_c_external_nspr_pr0.c:38:
 1:57.12 W In file included from C:\Users\Zachary\Documents\Project\browser-dev\Floorp-Runtime\obj-x86_64-pc-windows-msvc\config\external\nspr\pr\Unified_c_external_nspr_pr0.c:47:
 1:57.14 W In file included from C:\Users\Zachary\Documents\Project\browser-dev\Floorp-Runtime\obj-x86_64-pc-windows-msvc\config\external\nspr\pr\Unified_c_external_nspr_pr0.c:56:
 1:57.16 W In file included from C:\Users\Zachary\Documents\Project\browser-dev\Floorp-Runtime\obj-x86_64-pc-windows-msvc\config\external\nspr\pr\Unified_c_external_nspr_pr1.c:92:
 1:57.17 mfbt
 1:57.21 W In file included from C:\Users\Zachary\Documents\Project\browser-dev\Floorp-Runtime\obj-x86_64-pc-windows-msvc\config\external\nspr\pr\Unified_c_external_nspr_pr1.c:110:
 1:57.22 W In file included from C:\Users\Zachary\Documents\Project\browser-dev\Floorp-Runtime\obj-x86_64-pc-windows-msvc\config\external\nspr\pr\Unified_c_external_nspr_pr1.c:110:
 1:57.23 W In file included from C:\Users\Zachary\Documents\Project\browser-dev\Floorp-Runtime\obj-x86_64-pc-windows-msvc\config\external\nspr\pr\Unified_c_external_nspr_pr1.c:110:
 1:57.24 W In file included from C:\Users\Zachary\Documents\Project\browser-dev\Floorp-Runtime\obj-x86_64-pc-windows-msvc\config\external\nspr\pr\Unified_c_external_nspr_pr1.c:110:
 1:57.28 W In file included from C:\Users\Zachary\Documents\Project\browser-dev\Floorp-Runtime\obj-x86_64-pc-windows-msvc\config\external\nspr\pr\Unified_c_external_nspr_pr1.c:110:
 1:57.37 W In file included from C:\Users\Zachary\Documents\Project\browser-dev\Floorp-Runtime\obj-x86_64-pc-windows-msvc\config\external\nspr\pr\Unified_c_external_nspr_pr1.c:110:
 1:57.40 W In file included from C:\Users\Zachary\Documents\Project\browser-dev\Floorp-Runtime\obj-x86_64-pc-windows-msvc\config\external\nspr\pr\Unified_c_external_nspr_pr1.c:110:
 1:57.41 W In file included from C:\Users\Zachary\Documents\Project\browser-dev\Floorp-Runtime\obj-x86_64-pc-windows-msvc\config\external\nspr\pr\Unified_c_external_nspr_pr1.c:110:
 1:57.41 W In file included from C:\Users\Zachary\Documents\Project\browser-dev\Floorp-Runtime\obj-x86_64-pc-windows-msvc\config\external\nspr\pr\Unified_c_external_nspr_pr1.c:119:
 1:57.42 W In file included from C:\Users\Zachary\Documents\Project\browser-dev\Floorp-Runtime\obj-x86_64-pc-windows-msvc\config\external\nspr\pr\Unified_c_external_nspr_pr1.c:110:
 1:57.42 W 1 warning generated.
 1:57.42 W In file included from C:\Users\Zachary\Documents\Project\browser-dev\Floorp-Runtime\obj-x86_64-pc-windows-msvc\config\external\nspr\pr\Unified_c_external_nspr_pr0.c:101:
 1:57.44 W In file included from C:\Users\Zachary\Documents\Project\browser-dev\Floorp-Runtime\obj-x86_64-pc-windows-msvc\config\external\nspr\pr\Unified_c_external_nspr_pr0.c:119:
 1:57.46 W In file included from C:\Users\Zachary\Documents\Project\browser-dev\Floorp-Runtime\obj-x86_64-pc-windows-msvc\config\external\nspr\pr\Unified_c_external_nspr_pr0.c:119:
 1:57.52 W In file included from C:\Users\Zachary\Documents\Project\browser-dev\Floorp-Runtime\obj-x86_64-pc-windows-msvc\config\external\nspr\pr\Unified_c_external_nspr_pr0.c:119:
 1:57.62 W In file included from C:\Users\Zachary\Documents\Project\browser-dev\Floorp-Runtime\obj-x86_64-pc-windows-msvc\config\external\nspr\pr\Unified_c_external_nspr_pr3.c:2:
 1:57.63 W In file included from C:\Users\Zachary\Documents\Project\browser-dev\Floorp-Runtime\obj-x86_64-pc-windows-msvc\config\external\nspr\pr\Unified_c_external_nspr_pr2.c:20:
 1:57.94 mozglue/baseprofiler
 1:57.94 W In file included from C:\Users\Zachary\Documents\Project\browser-dev\Floorp-Runtime\obj-x86_64-pc-windows-msvc\config\external\nspr\pr\Unified_c_external_nspr_pr2.c:110:
 1:58.12 W 19 warnings generated.
 1:58.19 W In file included from C:\Users\Zachary\Documents\Project\browser-dev\Floorp-Runtime\obj-x86_64-pc-windows-msvc\config\external\nspr\pr\Unified_c_external_nspr_pr3.c:20:
 1:58.23 W In file included from C:\Users\Zachary\Documents\Project\browser-dev\Floorp-Runtime\obj-x86_64-pc-windows-msvc\config\external\nspr\pr\Unified_c_external_nspr_pr3.c:29:
 1:58.34 W In file included from C:\Users\Zachary\Documents\Project\browser-dev\Floorp-Runtime\obj-x86_64-pc-windows-msvc\config\external\nspr\pr\Unified_c_external_nspr_pr3.c:65:
 1:58.44 W In file included from C:\Users\Zachary\Documents\Project\browser-dev\Floorp-Runtime\obj-x86_64-pc-windows-msvc\config\external\nspr\pr\Unified_c_external_nspr_pr3.c:74:
 1:58.45 W In file included from C:\Users\Zachary\Documents\Project\browser-dev\Floorp-Runtime\obj-x86_64-pc-windows-msvc\config\external\nspr\pr\Unified_c_external_nspr_pr3.c:83:
 1:58.47 W In file included from C:\Users\Zachary\Documents\Project\browser-dev\Floorp-Runtime\obj-x86_64-pc-windows-msvc\config\external\nspr\pr\Unified_c_external_nspr_pr3.c:47:
 1:58.62 mozglue/misc
 1:58.80 W 13 warnings generated.
 1:59.58 W 49 warnings generated.
 1:59.98 third_party/fmt
 2:00.06 toolkit/xre/dllservices/mozglue
 2:00.60 W 14 warnings generated.
 2:00.71 security/nss/lib/base
 2:01.07 W 32 warnings generated.
 2:03.50 security/nss/lib/certdb
 2:04.31 security/nss/lib/certhigh
 2:09.12 security/nss/lib/cryptohi
 2:10.72 security/nss/lib/dev
 2:13.09 security/nss/lib/nss
 2:14.64 security/nss/lib/pk11wrap
 2:15.13 security/nss/lib/pkcs12
 2:16.04 security/nss/lib/pkcs7
 2:16.73 security/nss/lib/pki
 2:17.68 security/nss/lib/smime
 2:19.06 security/nss/lib/ssl
 2:19.77 security/nss/lib/util
 2:22.67 third_party/sqlite3/ext
 2:23.47 third_party/sqlite3/src
 2:27.90 accessible/interfaces/ia2/dlldata.c.stub
 2:33.16 accessible/interfaces/msaa
 2:34.58 W 10 warnings generated.
 2:35.20 browser/app/desktop-launcher
 2:39.60 browser/app/installation_dir_layout/single
 2:40.99 browser/app/installation_dir_layout/versioned
 2:41.72 browser/app/pbproxy
 2:42.29 browser/app
 2:42.94 browser/app/winlauncher/freestanding
 2:43.91 browser/app/winlauncher
 2:44.31 W 1 warning generated.
 2:46.00 security/sandbox
 2:50.07 xpcom/glue/standalone
 2:52.59 browser/app/winlauncher/test
 2:57.28 build/win32/crashinjectdll
 3:04.43 build/win32
 3:06.48 config/external/mozinference/mozinference.dll.def.stub
 3:08.68 third_party/llama.cpp
 3:12.92 dom/bindings/test
 3:14.51 dom/media/fake-cdm
 3:18.74 dom/media/gmp-plugin-openh264
 3:31.20 gfx/angle/targets/angle_common
 3:36.19 gfx/angle/targets/libEGL
 3:39.62 gfx/angle/targets/angle_gpu_info_util
 3:40.04 W warning: windows@0.62.2: ignoring 'hints.mostly-unused', pass `-Zprofile-hint-mostly-unused` to enable it
 3:47.35 gfx/angle/targets/angle_image_util
 3:51.68 gfx/angle/targets/compression_utils_portable
 3:57.34 gfx/angle/targets/libGLESv2
 4:03.39 gfx/angle/targets/preprocessor
 4:07.02 W 15 warnings generated.
 4:18.71 gfx/angle/targets/translator
 4:23.44 modules/zlib/src
 4:26.44 ipc/app
 4:29.62 toolkit/library/build/xul.dll.def.stub
 4:33.47    Compiling unicode-ident v1.0.6
 4:33.60 accessible/aom
 4:37.18    Compiling proc-macro2 v1.0.101
 4:38.06 accessible/base
 4:38.35    Compiling serde_core v1.0.228
 4:39.45    Compiling serde v1.0.228
 4:42.16    Compiling cfg-if v1.0.0
 4:42.38    Compiling getrandom v0.3.3
 4:44.90    Compiling quote v1.0.40
 4:47.31    Compiling syn v2.0.106
 4:48.14 W 1 warning generated.
 4:51.88    Compiling version_check v0.9.4
 4:54.33    Compiling thiserror v2.0.12
 4:55.15 W 1 warning generated.
 4:55.82    Compiling bitflags v2.10.0
 4:56.38    Compiling autocfg v1.1.0 (C:\Users\Zachary\Documents\Project\browser-dev\Floorp-Runtime\third_party\rust\autocfg)
 4:57.79    Compiling log v0.4.29
 4:58.76    Compiling shlex v1.3.0
 5:00.88    Compiling stable_deref_trait v1.2.0
 5:01.05    Compiling mozbuild v0.1.0 (C:\Users\Zachary\Documents\Project\browser-dev\Floorp-Runtime\build\rust\mozbuild)
 5:01.06 W 13 warnings generated.
 5:01.25    Compiling memchr v2.7.4
 5:02.59    Compiling foldhash v0.2.0
 5:03.31    Compiling equivalent v1.0.1
 5:03.64    Compiling synstructure v0.13.1
 5:05.51    Compiling rustversion v1.0.19
 5:06.16    Compiling minimal-lexical v0.2.1
 5:07.18    Compiling nom v7.1.3
 5:08.09    Compiling zmij v1.0.20
 5:09.88    Compiling once_cell v1.21.3
 5:10.67    Compiling winnow v0.7.13
 5:13.23    Compiling semver v1.0.16
 5:14.90    Compiling glob v0.3.1
 5:15.59    Compiling itoa v1.0.15
 5:15.94    Compiling rustc-hash v2.1.1
 5:15.94    Compiling toml_datetime v0.7.3
 5:16.25    Compiling serde_spanned v1.0.3
 5:16.61    Compiling toml_writer v1.0.4
 5:17.51    Compiling any_all_workaround v0.1.0 (https://github.com/hsivonen/any_all_workaround?rev=7fb1b7034c9f172aade21ee1c8554e8d8a48af80#7fb1b703)
 5:17.72    Compiling toml_parser v1.0.4
 5:19.09    Compiling fastrand v2.1.1
 5:19.09    Compiling heck v0.5.0
 5:19.89    Compiling toml v0.9.8
 5:19.99    Compiling encoding_rs v0.8.35 (https://github.com/hsivonen/encoding_rs?rev=1236d1bc423e6ba35a06485f74a6304db2d703b5#1236d1bc)
 5:21.52    Compiling writeable v0.6.2
 5:23.16    Compiling siphasher v1.0.1
 5:24.42    Compiling jobserver v0.1.33
 5:25.60    Compiling cc v1.2.30
 5:26.81    Compiling litemap v0.8.0
 5:27.76    Compiling serde_json v1.0.149
 5:29.20    Compiling winapi v0.3.9
 5:30.22    Compiling libm v0.2.6
 5:31.41    Compiling anyhow v1.0.69
 5:36.61 W 28 warnings generated.
 5:40.73    Compiling nsstring v0.1.0 (C:\Users\Zachary\Documents\Project\browser-dev\Floorp-Runtime\xpcom\rust\nsstring)
 5:45.03    Compiling hashbrown v0.17.1
 5:45.08    Compiling libc v0.2.183
 5:46.19 accessible/basetypes
 5:47.36    Compiling hashbrown v0.16.999 (C:\Users\Zachary\Documents\Project\browser-dev\Floorp-Runtime\build\rust\hashbrown)
 5:47.58    Compiling num-traits v0.2.19
 5:49.01    Compiling either v1.8.1
 5:49.50    Compiling camino v1.1.2
 5:49.72    Compiling indexmap v2.11.4
 5:50.88    Compiling itertools v0.14.0
 5:50.98 W 22 warnings generated.
 5:52.22    Compiling thin-vec v0.2.16
 5:53.50    Compiling harfbuzz-traits v0.6.0 (https://github.com/hsivonen/rust-harfbuzz?rev=9d58a23a98772a197291d04af93f7041b7093d95#9d58a23a)
 5:53.86    Compiling icu_properties_data v2.1.2 (C:\Users\Zachary\Documents\Project\browser-dev\Floorp-Runtime\third_party\rust\icu_properties_data)
 5:55.56    Compiling lazy_static v1.4.0
 5:56.58    Compiling icu_normalizer_data v2.1.1 (C:\Users\Zachary\Documents\Project\browser-dev\Floorp-Runtime\third_party\rust\icu_normalizer_data)
 5:57.78    Compiling static_assertions v1.1.0
 5:58.08    Compiling fs-err v2.9.0
 5:58.34    Compiling getrandom v0.2.999 (C:\Users\Zachary\Documents\Project\browser-dev\Floorp-Runtime\build\rust\getrandom)
 5:58.53    Compiling clang-sys v1.7.0
 5:59.84    Compiling aho-corasick v1.1.0
 6:00.32    Compiling regex-syntax v0.8.5
 6:04.51    Compiling regex-automata v0.4.14
 6:05.05    Compiling bindgen v0.72.0 (https://github.com/rust-lang/rust-bindgen?rev=9366e0af8da529c958b4cd4fcbe492d951c86f5c#9366e0af)
 6:06.63    Compiling cexpr v0.6.0
 6:14.45    Compiling regex v1.12.3
 6:15.06    Compiling nserror v0.1.0 (C:\Users\Zachary\Documents\Project\browser-dev\Floorp-Runtime\xpcom\rust\nserror)
 6:15.56    Compiling scopeguard v1.1.0
 6:15.80    Compiling bytes v1.11.1
 6:17.97    Compiling typenum v1.16.0
 6:20.18    Compiling percent-encoding v2.3.2
 6:21.33    Compiling pkg-config v0.3.26
 6:21.73    Compiling form_urlencoded v1.2.2
 6:22.86    Compiling cstr v0.2.11
 6:23.44    Compiling plain v0.2.3
 6:23.72    Compiling smawk v0.3.2
 6:24.04    Compiling threadbound v0.1.5
 6:24.30    Compiling textwrap v0.16.1
 6:25.20    Compiling weedle2 v5.0.0
 6:28.42    Compiling generic-array v0.14.6
 6:29.40    Compiling crossbeam-utils v0.8.21
 6:33.06    Compiling uniffi_core v0.31.0
 6:33.19 W 4 warnings generated.
 6:35.82    Compiling pin-project-lite v0.2.14
 6:35.92    Compiling winapi-util v0.1.5
 6:36.04    Compiling lock_api v0.4.9
 6:36.63    Compiling ident_case v1.0.1
 6:36.99    Compiling parking_lot_core v0.9.10
 6:37.17    Compiling fnv v1.0.7
 6:38.50    Compiling strsim v0.11.1
 6:39.34    Compiling darling_core v0.20.10
 6:39.73    Compiling termcolor v1.4.1
 6:42.17    Compiling env_logger v0.10.0
 6:47.19    Compiling vcpkg v0.2.999 (C:\Users\Zachary\Documents\Project\browser-dev\Floorp-Runtime\build\rust\vcpkg)
 6:47.36    Compiling libsqlite3-sys v0.35.0
 6:47.63 W 3 warnings generated.
 6:48.39    Compiling byteorder v1.5.0
 6:49.91    Compiling base64 v0.22.1
 6:50.08    Compiling tracing-core v0.1.33
 6:51.38    Compiling block-buffer v0.10.3
 6:51.68    Compiling crypto-common v0.1.6
 6:51.82    Compiling cfg_aliases v0.2.1
 6:51.98    Compiling digest v0.10.7
 6:52.05    Compiling sharded-slab v0.1.7
 6:52.37    Compiling thread_local v1.1.8
 6:53.37    Compiling serde_derive v1.0.228
 6:53.53    Compiling windows-link v0.2.999 (C:\Users\Zachary\Documents\Project\browser-dev\Floorp-Runtime\build\rust\windows-link)
 6:54.39    Compiling thiserror-impl v2.0.12
 6:54.67    Compiling zerofrom-derive v0.1.3
 6:54.70 W 9 warnings generated.
 6:55.40    Compiling yoke-derive v0.8.0
 6:58.52    Compiling displaydoc v0.2.4
 7:06.32    Compiling zerovec-derive v0.11.1
 7:06.76 W 73 warnings generated.
 7:09.51 W 1 warning generated.
 7:10.59    Compiling windows-sys v0.61.2
 7:24.61    Compiling uniffi_internal_macros v0.31.0
 7:26.82    Compiling tempfile v3.27.0
 7:30.14    Compiling windows-targets v0.52.999 (C:\Users\Zachary\Documents\Project\browser-dev\Floorp-Runtime\build\rust\windows-targets)
 7:30.29    Compiling libloading v0.8.6
 7:31.24    Compiling scroll_derive v0.12.0
 7:35.31    Compiling xpcom_macros v0.1.0 (C:\Users\Zachary\Documents\Project\browser-dev\Floorp-Runtime\xpcom\rust\xpcom\xpcom_macros)
 7:38.68    Compiling scroll v0.12.0
 7:44.59    Compiling uniffi_pipeline v0.31.0
 7:44.71    Compiling zerofrom v0.1.4
 7:45.05    Compiling yoke v0.8.0
 7:45.66    Compiling zerovec v0.11.4
 7:47.39 W 39 warnings generated.
 7:47.43    Compiling zerotrie v0.2.2
 7:51.04    Compiling tinystr v0.8.1
 7:51.72    Compiling potential_utf v0.1.4
 7:52.28    Compiling icu_collections v2.1.1 (C:\Users\Zachary\Documents\Project\browser-dev\Floorp-Runtime\third_party\rust\icu_collections)
 7:52.88    Compiling icu_locale_core v2.1.1
 7:55.80    Compiling utf8_iter v1.0.4 (C:\Users\Zachary\Documents\Project\browser-dev\Floorp-Runtime\third_party\rust\utf8_iter)
 7:56.45    Compiling icu_provider v2.1.1
 7:58.35    Compiling uniffi_meta v0.31.0
 7:58.39    Compiling utf16_iter v1.0.5 (C:\Users\Zachary\Documents\Project\browser-dev\Floorp-Runtime\third_party\rust\utf16_iter)
 8:00.99    Compiling smallvec v1.15.2
 8:01.20    Compiling allocator-api2 v0.2.21 (https://github.com/glandium/allocator-api2?rev=ad5f3d56a5a4519eff52af4ff85293431466ef5c#ad5f3d56)
 8:01.80    Compiling unicode-bidi v0.3.15 (https://github.com/servo/unicode-bidi?rev=ca612daf1c08c53abe07327cb3e6ef6e0a760f0c#ca612daf)
 8:04.16    Compiling icu_properties v2.1.2 (C:\Users\Zachary\Documents\Project\browser-dev\Floorp-Runtime\third_party\rust\icu_properties)
 8:05.35    Compiling write16 v1.0.0
 8:05.71    Compiling icu_normalizer v2.1.1 (C:\Users\Zachary\Documents\Project\browser-dev\Floorp-Runtime\third_party\rust\icu_normalizer)
 8:07.57 W 10 warnings generated.
 8:08.88    Compiling idna_adapter v1.2.1
 8:09.24    Compiling idna v1.1.0
 8:12.98    Compiling url v2.5.7
 8:21.78    Compiling askama_parser v0.14.0
 8:21.99    Compiling basic-toml v0.1.2
 8:22.41    Compiling cargo-platform v0.1.2
 8:24.25    Compiling xpcom v0.1.0 (C:\Users\Zachary\Documents\Project\browser-dev\Floorp-Runtime\xpcom\rust\xpcom)
 8:25.62 W 8 warnings generated.
 8:26.68    Compiling goblin v0.9.2
 8:26.92    Compiling cargo_metadata v0.19.2
 8:27.06    Compiling uniffi_macros v0.31.0
 8:31.41 W 12 warnings generated.
 8:33.28    Compiling uniffi_udl v0.31.0
 8:34.13 W 7 warnings generated.
 8:42.70    Compiling goblin v0.8.999 (C:\Users\Zachary\Documents\Project\browser-dev\Floorp-Runtime\build\rust\goblin)
 8:47.83 W 8 warnings generated.
 8:48.84    Compiling darling_macro v0.20.10
 8:49.17    Compiling parking_lot v0.12.3
 8:52.88    Compiling darling v0.20.10
 8:52.94    Compiling euclid v0.22.13
 8:53.04    Compiling bincode v1.3.3
 8:54.56    Compiling windows-result v0.4.1
 8:55.74    Compiling windows-strings v0.5.1
 8:56.47    Compiling windows-interface v0.59.3
 8:56.53 W warning: declarations returning `c_void` are not compatible with C functions returning `void`
 8:56.53 W    --> C:/Users/Zachary/Documents/Project/browser-dev/Floorp-Runtime/obj-x86_64-pc-windows-msvc/dist/xpcrs/rt/NotXPCOMTest.rs:261:88
 8:56.53 W     |
 8:56.53 W 261 |     pub Method2: unsafe extern "system" fn (this: *const nsIScriptableWithNotXPCOM) -> libc::c_void,
 8:56.53 W     |                                                                                    ----^^^^^^^^^^^^
 8:56.53 W     |                                                                                    |
 8:56.53 W     |                                                                                    help: remove the return type to implicitly return `()`
 8:56.53 W     |
 8:56.53 W     = help: returning `()` in Rust is equivalent to returning `void` in C
 8:56.53 W     = note: `c_void` is only used through raw pointers for compatibility with `void` pointers
 8:56.53 W     = note: `#[warn(c_void_returns)]` on by default
 8:56.53 W warning: declarations returning `c_void` are not compatible with C functions returning `void`
 8:56.53 W    --> C:/Users/Zachary/Documents/Project/browser-dev/Floorp-Runtime/obj-x86_64-pc-windows-msvc/dist/xpcrs/rt/NotXPCOMTest.rs:272:39
 8:56.54 W     |
 8:56.54 W 272 |     pub unsafe fn Method2(&self, ) -> libc::c_void {
 8:56.54 W     |                                   ----^^^^^^^^^^^^
 8:56.54 W     |                                   |
 8:56.54 W     |                                   help: remove the return type to implicitly return `()`
 8:56.54 W     |
 8:56.54 W     = help: returning `()` in Rust is equivalent to returning `void` in C
 8:56.54 W     = note: `c_void` is only used through raw pointers for compatibility with `void` pointers
 8:56.54 W warning: declarations returning `c_void` are not compatible with C functions returning `void`
 8:56.54 W    --> C:/Users/Zachary/Documents/Project/browser-dev/Floorp-Runtime/obj-x86_64-pc-windows-msvc/dist/xpcrs/rt/imgICache.rs:154:122
 8:56.54 W     |
 8:56.54 W 154 |     pub ClearCacheForControlledDocument: unsafe extern "system" fn (this: *const imgICache, doc: *const libc::c_void) -> libc::c_void,
 8:56.54 W     |                                                                                                                      ----^^^^^^^^^^^^
 8:56.54 W     |                                                                                                                      |
 8:56.54 W     |                                                                                                                      help: remove the return type to implicitly return `()`
 8:56.54 W     |
 8:56.54 W     = help: returning `()` in Rust is equivalent to returning `void` in C
 8:56.54 W     = note: `c_void` is only used through raw pointers for compatibility with `void` pointers
 8:56.54 W warning: declarations returning `c_void` are not compatible with C functions returning `void`
 8:56.54 W    --> C:/Users/Zachary/Documents/Project/browser-dev/Floorp-Runtime/obj-x86_64-pc-windows-msvc/dist/xpcrs/rt/imgICache.rs:286:87
 8:56.54 W     |
 8:56.54 W 286 |     pub unsafe fn ClearCacheForControlledDocument(&self, doc: *const libc::c_void) -> libc::c_void {
 8:56.55 W     |                                                                                   ----^^^^^^^^^^^^
 8:56.55 W     |                                                                                   |
 8:56.55 W     |                                                                                   help: remove the return type to implicitly return `()`
 8:56.55 W     |
 8:56.55 W     = help: returning `()` in Rust is equivalent to returning `void` in C
 8:56.55 W     = note: `c_void` is only used through raw pointers for compatibility with `void` pointers
 8:56.55 W warning: declarations returning `c_void` are not compatible with C functions returning `void`
 8:56.55 W    --> C:/Users/Zachary/Documents/Project/browser-dev/Floorp-Runtime/obj-x86_64-pc-windows-msvc/dist/xpcrs/rt/imgIContainer.rs:258:132
 8:56.55 W     |
 8:56.55 W 258 | ...cument: *const libc::c_void) -> libc::c_void,
 8:56.55 W     |                                ----^^^^^^^^^^^^
 8:56.55 W     |                                |
 8:56.55 W     |                                help: remove the return type to implicitly return `()`
 8:56.55 W     |
 8:56.55 W     = help: returning `()` in Rust is equivalent to returning `void` in C
 8:56.55 W     = note: `c_void` is only used through raw pointers for compatibility with `void` pointers
 8:56.55 W warning: declarations returning `c_void` are not compatible with C functions returning `void`
 8:56.55 W     --> C:/Users/Zachary/Documents/Project/browser-dev/Floorp-Runtime/obj-x86_64-pc-windows-msvc/dist/xpcrs/rt/imgIContainer.rs:1024:93
 8:56.55 W      |
 8:56.55 W 1024 |     pub unsafe fn PropagateUseCounters(&self, aReferencingDocument: *const libc::c_void) -> libc::c_void {
 8:56.55 W      |                                                                                         ----^^^^^^^^^^^^
 8:56.55 W      |                                                                                         |
 8:56.55 W      |                                                                                         help: remove the return type to implicitly return `()`
 8:56.55 W      |
 8:56.56 W      = help: returning `()` in Rust is equivalent to returning `void` in C
 8:56.56 W      = note: `c_void` is only used through raw pointers for compatibility with `void` pointers
 8:56.74 W warning: declarations returning `c_void` are not compatible with C functions returning `void`
 8:56.74 W    --> C:/Users/Zachary/Documents/Project/browser-dev/Floorp-Runtime/obj-x86_64-pc-windows-msvc/dist/xpcrs/rt/nsIDocShell.rs:339:89
 8:56.74 W     |
 8:56.74 W 339 |     pub DetachEditorFromWindow: unsafe extern "system" fn (this: *const nsIDocShell) -> libc::c_void,
 8:56.74 W     |                                                                                     ----^^^^^^^^^^^^
 8:56.74 W     |                                                                                     |
 8:56.74 W     |                                                                                     help: remove the return type to implicitly return `()`
 8:56.74 W     |
 8:56.74 W     = help: returning `()` in Rust is equivalent to returning `void` in C
 8:56.74 W     = note: `c_void` is only used through raw pointers for compatibility with `void` pointers
 8:56.74 W warning: declarations returning `c_void` are not compatible with C functions returning `void`
 8:56.75 W    --> C:/Users/Zachary/Documents/Project/browser-dev/Floorp-Runtime/obj-x86_64-pc-windows-msvc/dist/xpcrs/rt/nsIDocShell.rs:428:107
 8:56.75 W     |
 8:56.75 W 428 |     pub SetInvisible: unsafe extern "system" fn (this: *const nsIDocShell, aIsInvisibleDocshell: bool) -> libc::c_void,
 8:56.75 W     |                                                                                                       ----^^^^^^^^^^^^
 8:56.75 W     |                                                                                                       |
 8:56.75 W     |                                                                                                       help: remove the return type to implicitly return `()`
 8:56.75 W     |
 8:56.75 W     = help: returning `()` in Rust is equivalent to returning `void` in C
 8:56.75 W     = note: `c_void` is only used through raw pointers for compatibility with `void` pointers
 8:56.75 W warning: declarations returning `c_void` are not compatible with C functions returning `void`
 8:56.75 W     --> C:/Users/Zachary/Documents/Project/browser-dev/Floorp-Runtime/obj-x86_64-pc-windows-msvc/dist/xpcrs/rt/nsIDocShell.rs:1421:54
 8:56.75 W      |
 8:56.75 W 1421 |     pub unsafe fn DetachEditorFromWindow(&self, ) -> libc::c_void {
 8:56.75 W      |                                                  ----^^^^^^^^^^^^
 8:56.75 W      |                                                  |
 8:56.75 W      |                                                  help: remove the return type to implicitly return `()`
 8:56.75 W      |
 8:56.76 W      = help: returning `()` in Rust is equivalent to returning `void` in C
 8:56.76 W      = note: `c_void` is only used through raw pointers for compatibility with `void` pointers
 8:56.76 W warning: declarations returning `c_void` are not compatible with C functions returning `void`
 8:56.76 W     --> C:/Users/Zachary/Documents/Project/browser-dev/Floorp-Runtime/obj-x86_64-pc-windows-msvc/dist/xpcrs/rt/nsIDocShell.rs:1801:70
 8:56.76 W      |
 8:56.76 W 1801 |     pub unsafe fn SetInvisible(&self, aIsInvisibleDocshell: bool) -> libc::c_void {
 8:56.76 W      |                                                                  ----^^^^^^^^^^^^
 8:56.76 W      |                                                                  |
 8:56.76 W      |                                                                  help: remove the return type to implicitly return `()`
 8:56.76 W      |
 8:56.76 W      = help: returning `()` in Rust is equivalent to returning `void` in C
 8:56.76 W      = note: `c_void` is only used through raw pointers for compatibility with `void` pointers
 8:56.76 W warning: declarations returning `c_void` are not compatible with C functions returning `void`
 8:56.76 W    --> C:/Users/Zachary/Documents/Project/browser-dev/Floorp-Runtime/obj-x86_64-pc-windows-msvc/dist/xpcrs/rt/nsIDocumentViewer.rs:281:93
 8:56.76 W     |
 8:56.76 W 281 |     pub ForgetReloadEncoding: unsafe extern "system" fn (this: *const nsIDocumentViewer) -> libc::c_void,
 8:56.77 W     |                                                                                         ----^^^^^^^^^^^^
 8:56.77 W     |                                                                                         |
 8:56.77 W     |                                                                                         help: remove the return type to implicitly return `()`
 8:56.77 W     |
 8:56.77 W     = help: returning `()` in Rust is equivalent to returning `void` in C
 8:56.77 W     = note: `c_void` is only used through raw pointers for compatibility with `void` pointers
 8:56.77 W warning: declarations returning `c_void` are not compatible with C functions returning `void`
 8:56.77 W    --> C:/Users/Zachary/Documents/Project/browser-dev/Floorp-Runtime/obj-x86_64-pc-windows-msvc/dist/xpcrs/rt/nsIDocumentViewer.rs:798:52
 8:56.77 W     |
 8:56.77 W 798 |     pub unsafe fn ForgetReloadEncoding(&self, ) -> libc::c_void {
 8:56.77 W     |                                                ----^^^^^^^^^^^^
 8:56.77 W     |                                                |
 8:56.77 W     |                                                help: remove the return type to implicitly return `()`
 8:56.77 W     |
 8:56.77 W     = help: returning `()` in Rust is equivalent to returning `void` in C
 8:56.77 W     = note: `c_void` is only used through raw pointers for compatibility with `void` pointers
 8:56.79 W warning: declarations returning `c_void` are not compatible with C functions returning `void`
 8:56.79 W    --> C:/Users/Zachary/Documents/Project/browser-dev/Floorp-Runtime/obj-x86_64-pc-windows-msvc/dist/xpcrs/rt/nsIGfxInfo.rs:245:116
 8:56.79 W     |
 8:56.79 W 245 |     pub LogFailure: unsafe extern "system" fn (this: *const nsIGfxInfo, failure: *const ::nsstring::nsACString) -> libc::c_void,
 8:56.79 W     |                                                                                                                ----^^^^^^^^^^^^
 8:56.79 W     |                                                                                                                |
 8:56.80 W     |                                                                                                                help: remove the return type to implicitly return `()`
 8:56.80 W     |
 8:56.80 W     = help: returning `()` in Rust is equivalent to returning `void` in C
 8:56.80 W     = note: `c_void` is only used through raw pointers for compatibility with `void` pointers
 8:56.80 W warning: declarations returning `c_void` are not compatible with C functions returning `void`
 8:56.80 W    --> C:/Users/Zachary/Documents/Project/browser-dev/Floorp-Runtime/obj-x86_64-pc-windows-msvc/dist/xpcrs/rt/nsIGfxInfo.rs:248:129
 8:56.80 W     |
 8:56.80 W 248 | ...onst ::nsstring::nsACString) -> libc::c_void,
 8:56.80 W     |                                ----^^^^^^^^^^^^
 8:56.80 W     |                                |
 8:56.80 W     |                                help: remove the return type to implicitly return `()`
 8:56.80 W     |
 8:56.80 W     = help: returning `()` in Rust is equivalent to returning `void` in C
 8:56.80 W     = note: `c_void` is only used through raw pointers for compatibility with `void` pointers
 8:56.80 W warning: declarations returning `c_void` are not compatible with C functions returning `void`
 8:56.80 W    --> C:/Users/Zachary/Documents/Project/browser-dev/Floorp-Runtime/obj-x86_64-pc-windows-msvc/dist/xpcrs/rt/nsIGfxInfo.rs:263:73
 8:56.80 W     |
 8:56.80 W 263 |     pub GetData: unsafe extern "system" fn (this: *const nsIGfxInfo) -> libc::c_void,
 8:56.81 W     |                                                                     ----^^^^^^^^^^^^
 8:56.81 W     |                                                                     |
 8:56.81 W     |                                                                     help: remove the return type to implicitly return `()`
 8:56.81 W     |
 8:56.81 W     = help: returning `()` in Rust is equivalent to returning `void` in C
 8:56.81 W     = note: `c_void` is only used through raw pointers for compatibility with `void` pointers
 8:56.81 W warning: declarations returning `c_void` are not compatible with C functions returning `void`
 8:56.81 W    --> C:/Users/Zachary/Documents/Project/browser-dev/Floorp-Runtime/obj-x86_64-pc-windows-msvc/dist/xpcrs/rt/nsIGfxInfo.rs:703:80
 8:56.81 W     |
 8:56.81 W 703 |     pub unsafe fn LogFailure(&self, failure: *const ::nsstring::nsACString) -> libc::c_void {
 8:56.81 W     |                                                                            ----^^^^^^^^^^^^
 8:56.81 W     |                                                                            |
 8:56.81 W     |                                                                            help: remove the return type to implicitly return `()`
 8:56.81 W     |
 8:56.81 W     = help: returning `()` in Rust is equivalent to returning `void` in C
 8:56.81 W     = note: `c_void` is only used through raw pointers for compatibility with `void` pointers
 8:56.81 W warning: declarations returning `c_void` are not compatible with C functions returning `void`
 8:56.81 W    --> C:/Users/Zachary/Documents/Project/browser-dev/Floorp-Runtime/obj-x86_64-pc-windows-msvc/dist/xpcrs/rt/nsIGfxInfo.rs:711:93
 8:56.81 W     |
 8:56.81 W 711 |     pub unsafe fn SetCodecSupportInfo(&self, supportInfo: *const ::nsstring::nsACString) -> libc::c_void {
 8:56.81 W     |                                                                                         ----^^^^^^^^^^^^
 8:56.81 W     |                                                                                         |
 8:56.81 W     |                                                                                         help: remove the return type to implicitly return `()`
 8:56.81 W     |
 8:56.81 W     = help: returning `()` in Rust is equivalent to returning `void` in C
 8:56.82 W     = note: `c_void` is only used through raw pointers for compatibility with `void` pointers
 8:56.82 W warning: declarations returning `c_void` are not compatible with C functions returning `void`
 8:56.82 W    --> C:/Users/Zachary/Documents/Project/browser-dev/Floorp-Runtime/obj-x86_64-pc-windows-msvc/dist/xpcrs/rt/nsIGfxInfo.rs:759:39
 8:56.82 W     |
 8:56.82 W 759 |     pub unsafe fn GetData(&self, ) -> libc::c_void {
 8:56.82 W     |                                   ----^^^^^^^^^^^^
 8:56.82 W     |                                   |
 8:56.82 W     |                                   help: remove the return type to implicitly return `()`
 8:56.82 W     |
 8:56.82 W     = help: returning `()` in Rust is equivalent to returning `void` in C
 8:56.82 W     = note: `c_void` is only used through raw pointers for compatibility with `void` pointers
 8:56.90 W warning: declarations returning `c_void` are not compatible with C functions returning `void`
 8:56.90 W    --> C:/Users/Zachary/Documents/Project/browser-dev/Floorp-Runtime/obj-x86_64-pc-windows-msvc/dist/xpcrs/rt/nsIObjectInputStream.rs:141:127
 8:56.90 W     |
 8:56.90 W 141 | ... libc::c_char, aLength: u32) -> libc::c_void,
 8:56.90 W     |                                ----^^^^^^^^^^^^
 8:56.90 W     |                                |
 8:56.90 W     |                                help: remove the return type to implicitly return `()`
 8:56.90 W     |
 8:56.90 W     = help: returning `()` in Rust is equivalent to returning `void` in C
 8:56.90 W     = note: `c_void` is only used through raw pointers for compatibility with `void` pointers
 8:56.90 W warning: declarations returning `c_void` are not compatible with C functions returning `void`
 8:56.91 W    --> C:/Users/Zachary/Documents/Project/browser-dev/Floorp-Runtime/obj-x86_64-pc-windows-msvc/dist/xpcrs/rt/nsIObjectInputStream.rs:190:81
 8:56.91 W     |
 8:56.91 W 190 |     pub unsafe fn PutBuffer(&self, aBuffer: *mut libc::c_char, aLength: u32) -> libc::c_void {
 8:56.91 W     |                                                                             ----^^^^^^^^^^^^
 8:56.91 W     |                                                                             |
 8:56.91 W     |                                                                             help: remove the return type to implicitly return `()`
 8:56.91 W     |
 8:56.91 W     = help: returning `()` in Rust is equivalent to returning `void` in C
 8:56.91 W     = note: `c_void` is only used through raw pointers for compatibility with `void` pointers
 8:56.91 W warning: declarations returning `c_void` are not compatible with C functions returning `void`
 8:56.91 W    --> C:/Users/Zachary/Documents/Project/browser-dev/Floorp-Runtime/obj-x86_64-pc-windows-msvc/dist/xpcrs/rt/nsIObjectOutputStream.rs:146:128
 8:56.91 W     |
 8:56.91 W 146 | ... libc::c_char, aLength: u32) -> libc::c_void,
 8:56.91 W     |                                ----^^^^^^^^^^^^
 8:56.91 W     |                                |
 8:56.92 W     |                                help: remove the return type to implicitly return `()`
 8:56.92 W     |
 8:56.92 W     = help: returning `()` in Rust is equivalent to returning `void` in C
 8:56.92 W     = note: `c_void` is only used through raw pointers for compatibility with `void` pointers
 8:56.92 W warning: declarations returning `c_void` are not compatible with C functions returning `void`
 8:56.92 W    --> C:/Users/Zachary/Documents/Project/browser-dev/Floorp-Runtime/obj-x86_64-pc-windows-msvc/dist/xpcrs/rt/nsIObjectOutputStream.rs:239:81
 8:56.92 W     |
 8:56.92 W 239 |     pub unsafe fn PutBuffer(&self, aBuffer: *mut libc::c_char, aLength: u32) -> libc::c_void {
 8:56.92 W     |                                                                             ----^^^^^^^^^^^^
 8:56.92 W     |                                                                             |
 8:56.92 W     |                                                                             help: remove the return type to implicitly return `()`
 8:56.92 W     |
 8:56.92 W     = help: returning `()` in Rust is equivalent to returning `void` in C
 8:56.92 W     = note: `c_void` is only used through raw pointers for compatibility with `void` pointers
 8:56.99 W warning: declarations returning `c_void` are not compatible with C functions returning `void`
 8:56.99 W    --> C:/Users/Zachary/Documents/Project/browser-dev/Floorp-Runtime/obj-x86_64-pc-windows-msvc/dist/xpcrs/rt/nsISHEntry.rs:388:160
 8:56.99 W     |
 8:56.99 W 388 | ...ild: *mut *const nsISHEntry) -> libc::c_void,
 8:56.99 W     |                                ----^^^^^^^^^^^^
 8:56.99 W     |                                |
 8:56.99 W     |                                help: remove the return type to implicitly return `()`
 8:56.99 W     |
 8:56.99 W     = help: returning `()` in Rust is equivalent to returning `void` in C
 8:56.99 W     = note: `c_void` is only used through raw pointers for compatibility with `void` pointers
 8:56.99 W warning: declarations returning `c_void` are not compatible with C functions returning `void`
 8:57.00 W    --> C:/Users/Zachary/Documents/Project/browser-dev/Floorp-Runtime/obj-x86_64-pc-windows-msvc/dist/xpcrs/rt/nsISHEntry.rs:394:76
 8:57.00 W     |
 8:57.00 W 394 |     pub ClearEntry: unsafe extern "system" fn (this: *const nsISHEntry) -> libc::c_void,
 8:57.00 W     |                                                                        ----^^^^^^^^^^^^
 8:57.00 W     |                                                                        |
 8:57.00 W     |                                                                        help: remove the return type to implicitly return `()`
 8:57.00 W     |
 8:57.00 W     = help: returning `()` in Rust is equivalent to returning `void` in C
 8:57.00 W     = note: `c_void` is only used through raw pointers for compatibility with `void` pointers
 8:57.00 W warning: declarations returning `c_void` are not compatible with C functions returning `void`
 8:57.00 W    --> C:/Users/Zachary/Documents/Project/browser-dev/Floorp-Runtime/obj-x86_64-pc-windows-msvc/dist/xpcrs/rt/nsISHEntry.rs:404:184
 8:57.00 W     |
 8:57.00 W 404 | ...noreBC: *const libc::c_void) -> libc::c_void,
 8:57.01 W     |                                ----^^^^^^^^^^^^
 8:57.01 W     |                                |
 8:57.01 W     |                                help: remove the return type to implicitly return `()`
 8:57.01 W     |
 8:57.01 W     = help: returning `()` in Rust is equivalent to returning `void` in C
 8:57.01 W     = note: `c_void` is only used through raw pointers for compatibility with `void` pointers
 8:57.01 W warning: declarations returning `c_void` are not compatible with C functions returning `void`
 8:57.01 W     --> C:/Users/Zachary/Documents/Project/browser-dev/Floorp-Runtime/obj-x86_64-pc-windows-msvc/dist/xpcrs/rt/nsISHEntry.rs:1732:124
 8:57.01 W      |
 8:57.01 W 1732 | ...ild: *mut *const nsISHEntry) -> libc::c_void {
 8:57.01 W      |                                ----^^^^^^^^^^^^
 8:57.01 W      |                                |
 8:57.01 W      |                                help: remove the return type to implicitly return `()`
 8:57.01 W      |
 8:57.01 W      = help: returning `()` in Rust is equivalent to returning `void` in C
 8:57.02 W      = note: `c_void` is only used through raw pointers for compatibility with `void` pointers
 8:57.02 W warning: declarations returning `c_void` are not compatible with C functions returning `void`
 8:57.02 W     --> C:/Users/Zachary/Documents/Project/browser-dev/Floorp-Runtime/obj-x86_64-pc-windows-msvc/dist/xpcrs/rt/nsISHEntry.rs:1762:42
 8:57.02 W      |
 8:57.02 W 1762 |     pub unsafe fn ClearEntry(&self, ) -> libc::c_void {
 8:57.02 W      |                                      ----^^^^^^^^^^^^
 8:57.02 W      |                                      |
 8:57.02 W      |                                      help: remove the return type to implicitly return `()`
 8:57.03 W      |
 8:57.03 W      = help: returning `()` in Rust is equivalent to returning `void` in C
 8:57.03 W      = note: `c_void` is only used through raw pointers for compatibility with `void` pointers
 8:57.03 W warning: declarations returning `c_void` are not compatible with C functions returning `void`
 8:57.03 W     --> C:/Users/Zachary/Documents/Project/browser-dev/Floorp-Runtime/obj-x86_64-pc-windows-msvc/dist/xpcrs/rt/nsISHEntry.rs:1803:148
 8:57.03 W      |
 8:57.03 W 1803 | ...noreBC: *const libc::c_void) -> libc::c_void {
 8:57.03 W      |                                ----^^^^^^^^^^^^
 8:57.03 W      |                                |
 8:57.03 W      |                                help: remove the return type to implicitly return `()`
 8:57.03 W      |
 8:57.03 W      = help: returning `()` in Rust is equivalent to returning `void` in C
 8:57.03 W      = note: `c_void` is only used through raw pointers for compatibility with `void` pointers
 8:57.03 W warning: declarations returning `c_void` are not compatible with C functions returning `void`
 8:57.03 W    --> C:/Users/Zachary/Documents/Project/browser-dev/Floorp-Runtime/obj-x86_64-pc-windows-msvc/dist/xpcrs/rt/nsISHistory.rs:149:114
 8:57.03 W     |
 8:57.03 W 149 |     pub InternalSetRequestedIndex: unsafe extern "system" fn (this: *const nsISHistory, aRequestedIndex: i32) -> libc::c_void,
 8:57.03 W     |                                                                                                              ----^^^^^^^^^^^^
 8:57.03 W     |                                                                                                              |
 8:57.04 W     |                                                                                                              help: remove the return type to implicitly return `()`
 8:57.04 W     |
 8:57.04 W     = help: returning `()` in Rust is equivalent to returning `void` in C
 8:57.04 W     = note: `c_void` is only used through raw pointers for compatibility with `void` pointers
 8:57.04 W warning: declarations returning `c_void` are not compatible with C functions returning `void`
 8:57.04 W    --> C:/Users/Zachary/Documents/Project/browser-dev/Floorp-Runtime/obj-x86_64-pc-windows-msvc/dist/xpcrs/rt/nsISHistory.rs:212:123
 8:57.04 W     |
 8:57.04 W 212 | ..., aEntry: *const nsISHEntry) -> libc::c_void,
 8:57.04 W     |                                ----^^^^^^^^^^^^
 8:57.05 W     |                                |
 8:57.05 W     |                                help: remove the return type to implicitly return `()`
 8:57.05 W     |
 8:57.05 W     = help: returning `()` in Rust is equivalent to returning `void` in C
 8:57.05 W     = note: `c_void` is only used through raw pointers for compatibility with `void` pointers
 8:57.05 W warning: declarations returning `c_void` are not compatible with C functions returning `void`
 8:57.05 W    --> C:/Users/Zachary/Documents/Project/browser-dev/Floorp-Runtime/obj-x86_64-pc-windows-msvc/dist/xpcrs/rt/nsISHistory.rs:219:112
 8:57.05 W     |
 8:57.05 W 219 |     pub RemoveFrameEntries: unsafe extern "system" fn (this: *const nsISHistory, aEntry: *const nsISHEntry) -> libc::c_void,
 8:57.05 W     |                                                                                                            ----^^^^^^^^^^^^
 8:57.05 W     |                                                                                                            |
 8:57.05 W     |                                                                                                            help: remove the return type to implicitly return `()`
 8:57.05 W     |
 8:57.05 W     = help: returning `()` in Rust is equivalent to returning `void` in C
 8:57.05 W     = note: `c_void` is only used through raw pointers for compatibility with `void` pointers
 8:57.05 W warning: declarations returning `c_void` are not compatible with C functions returning `void`
 8:57.05 W    --> C:/Users/Zachary/Documents/Project/browser-dev/Floorp-Runtime/obj-x86_64-pc-windows-msvc/dist/xpcrs/rt/nsISHistory.rs:225:123
 8:57.05 W     |
 8:57.05 W 225 | ..., aEntry: *const nsISHEntry) -> libc::c_void,
 8:57.05 W     |                                ----^^^^^^^^^^^^
 8:57.05 W     |                                |
 8:57.05 W     |                                help: remove the return type to implicitly return `()`
 8:57.05 W     |
 8:57.05 W     = help: returning `()` in Rust is equivalent to returning `void` in C
 8:57.05 W     = note: `c_void` is only used through raw pointers for compatibility with `void` pointers
 8:57.06 W warning: declarations returning `c_void` are not compatible with C functions returning `void`
 8:57.06 W    --> C:/Users/Zachary/Documents/Project/browser-dev/Floorp-Runtime/obj-x86_64-pc-windows-msvc/dist/xpcrs/rt/nsISHistory.rs:228:149
 8:57.06 W     |
 8:57.06 W 228 | ... nsISHEntry, aReplace: bool) -> libc::c_void,
 8:57.06 W     |                                ----^^^^^^^^^^^^
 8:57.06 W     |                                |
 8:57.06 W     |                                help: remove the return type to implicitly return `()`
 8:57.06 W     |
 8:57.06 W     = help: returning `()` in Rust is equivalent to returning `void` in C
 8:57.07 W     = note: `c_void` is only used through raw pointers for compatibility with `void` pointers
 8:57.07 W warning: declarations returning `c_void` are not compatible with C functions returning `void`
 8:57.07 W    --> C:/Users/Zachary/Documents/Project/browser-dev/Floorp-Runtime/obj-x86_64-pc-windows-msvc/dist/xpcrs/rt/nsISHistory.rs:329:77
 8:57.07 W     |
 8:57.07 W 329 |     pub unsafe fn InternalSetRequestedIndex(&self, aRequestedIndex: i32) -> libc::c_void {
 8:57.07 W     |                                                                         ----^^^^^^^^^^^^
 8:57.07 W     |                                                                         |
 8:57.07 W     |                                                                         help: remove the return type to implicitly return `()`
 8:57.07 W     |
 8:57.07 W     = help: returning `()` in Rust is equivalent to returning `void` in C
 8:57.07 W     = note: `c_void` is only used through raw pointers for compatibility with `void` pointers
 8:57.07 W warning: declarations returning `c_void` are not compatible with C functions returning `void`
 8:57.07 W    --> C:/Users/Zachary/Documents/Project/browser-dev/Floorp-Runtime/obj-x86_64-pc-windows-msvc/dist/xpcrs/rt/nsISHistory.rs:666:86
 8:57.08 W     |
 8:57.08 W 666 |     pub unsafe fn RemoveDynEntries(&self, aIndex: i32, aEntry: *const nsISHEntry) -> libc::c_void {
 8:57.08 W     |                                                                                  ----^^^^^^^^^^^^
 8:57.08 W     |                                                                                  |
 8:57.08 W     |                                                                                  help: remove the return type to implicitly return `()`
 8:57.08 W     |
 8:57.08 W     = help: returning `()` in Rust is equivalent to returning `void` in C
 8:57.08 W     = note: `c_void` is only used through raw pointers for compatibility with `void` pointers
 8:57.08 W warning: declarations returning `c_void` are not compatible with C functions returning `void`
 8:57.08 W    --> C:/Users/Zachary/Documents/Project/browser-dev/Floorp-Runtime/obj-x86_64-pc-windows-msvc/dist/xpcrs/rt/nsISHistory.rs:695:75
 8:57.08 W     |
 8:57.08 W 695 |     pub unsafe fn RemoveFrameEntries(&self, aEntry: *const nsISHEntry) -> libc::c_void {
 8:57.08 W     |                                                                       ----^^^^^^^^^^^^
 8:57.08 W     |                                                                       |
 8:57.08 W     |                                                                       help: remove the return type to implicitly return `()`
 8:57.08 W     |
 8:57.08 W     = help: returning `()` in Rust is equivalent to returning `void` in C
 8:57.08 W     = note: `c_void` is only used through raw pointers for compatibility with `void` pointers
 8:57.08 W warning: declarations returning `c_void` are not compatible with C functions returning `void`
 8:57.08 W    --> C:/Users/Zachary/Documents/Project/browser-dev/Floorp-Runtime/obj-x86_64-pc-windows-msvc/dist/xpcrs/rt/nsISHistory.rs:711:86
 8:57.08 W     |
 8:57.08 W 711 |     pub unsafe fn EnsureCorrectEntryAtCurrIndex(&self, aEntry: *const nsISHEntry) -> libc::c_void {
 8:57.09 W     |                                                                                  ----^^^^^^^^^^^^
 8:57.09 W     |                                                                                  |
 8:57.09 W     |                                                                                  help: remove the return type to implicitly return `()`
 8:57.09 W     |
 8:57.09 W     = help: returning `()` in Rust is equivalent to returning `void` in C
 8:57.09 W     = note: `c_void` is only used through raw pointers for compatibility with `void` pointers
 8:57.10 W warning: declarations returning `c_void` are not compatible with C functions returning `void`
 8:57.10 W    --> C:/Users/Zachary/Documents/Project/browser-dev/Floorp-Runtime/obj-x86_64-pc-windows-msvc/dist/xpcrs/rt/nsISHistory.rs:719:112
 8:57.10 W     |
 8:57.10 W 719 |     pub unsafe fn EvictDocumentViewersOrReplaceEntry(&self, aNewSHEntry: *const nsISHEntry, aReplace: bool) -> libc::c_void {
 8:57.10 W     |                                                                                                            ----^^^^^^^^^^^^
 8:57.10 W     |                                                                                                            |
 8:57.10 W     |                                                                                                            help: remove the return type to implicitly return `()`
 8:57.10 W     |
 8:57.10 W     = help: returning `()` in Rust is equivalent to returning `void` in C
 8:57.10 W     = note: `c_void` is only used through raw pointers for compatibility with `void` pointers
 8:57.11 W warning: declarations returning `c_void` are not compatible with C functions returning `void`
 8:57.11 W    --> C:/Users/Zachary/Documents/Project/browser-dev/Floorp-Runtime/obj-x86_64-pc-windows-msvc/dist/xpcrs/rt/nsIStreamBufferAccess.rs:139:128
 8:57.11 W     |
 8:57.11 W 139 | ... libc::c_char, aLength: u32) -> libc::c_void,
 8:57.11 W     |                                ----^^^^^^^^^^^^
 8:57.11 W     |                                |
 8:57.11 W     |                                help: remove the return type to implicitly return `()`
 8:57.11 W     |
 8:57.11 W     = help: returning `()` in Rust is equivalent to returning `void` in C
 8:57.11 W     = note: `c_void` is only used through raw pointers for compatibility with `void` pointers
 8:57.11 W warning: declarations returning `c_void` are not compatible with C functions returning `void`
 8:57.11 W    --> C:/Users/Zachary/Documents/Project/browser-dev/Floorp-Runtime/obj-x86_64-pc-windows-msvc/dist/xpcrs/rt/nsIStreamBufferAccess.rs:213:81
 8:57.12 W     |
 8:57.12 W 213 |     pub unsafe fn PutBuffer(&self, aBuffer: *mut libc::c_char, aLength: u32) -> libc::c_void {
 8:57.12 W     |                                                                             ----^^^^^^^^^^^^
 8:57.12 W     |                                                                             |
 8:57.12 W     |                                                                             help: remove the return type to implicitly return `()`
 8:57.12 W     |
 8:57.12 W     = help: returning `()` in Rust is equivalent to returning `void` in C
 8:57.12 W     = note: `c_void` is only used through raw pointers for compatibility with `void` pointers
 8:57.12 W warning: declarations returning `c_void` are not compatible with C functions returning `void`
 8:57.12 W    --> C:/Users/Zachary/Documents/Project/browser-dev/Floorp-Runtime/obj-x86_64-pc-windows-msvc/dist/xpcrs/rt/nsITaskbarTabPreview.rs:142:94
 8:57.12 W     |
 8:57.12 W 142 |     pub EnsureRegistration: unsafe extern "system" fn (this: *const nsITaskbarTabPreview) -> libc::c_void,
 8:57.12 W     |                                                                                          ----^^^^^^^^^^^^
 8:57.13 W     |                                                                                          |
 8:57.13 W     |                                                                                          help: remove the return type to implicitly return `()`
 8:57.13 W     |
 8:57.13 W     = help: returning `()` in Rust is equivalent to returning `void` in C
 8:57.13 W     = note: `c_void` is only used through raw pointers for compatibility with `void` pointers
 8:57.13 W warning: declarations returning `c_void` are not compatible with C functions returning `void`
 8:57.13 W    --> C:/Users/Zachary/Documents/Project/browser-dev/Floorp-Runtime/obj-x86_64-pc-windows-msvc/dist/xpcrs/rt/nsITaskbarTabPreview.rs:257:50
 8:57.13 W     |
 8:57.13 W 257 |     pub unsafe fn EnsureRegistration(&self, ) -> libc::c_void {
 8:57.13 W     |                                              ----^^^^^^^^^^^^
 8:57.13 W     |                                              |
 8:57.13 W     |                                              help: remove the return type to implicitly return `()`
 8:57.13 W     |
 8:57.13 W     = help: returning `()` in Rust is equivalent to returning `void` in C
 8:57.13 W     = note: `c_void` is only used through raw pointers for compatibility with `void` pointers
 8:57.14 W warning: declarations returning `c_void` are not compatible with C functions returning `void`
 8:57.14 W    --> C:/Users/Zachary/Documents/Project/browser-dev/Floorp-Runtime/obj-x86_64-pc-windows-msvc/dist/xpcrs/rt/nsIUDPSocket.rs:205:83
 8:57.14 W     |
 8:57.14 W 205 |     pub EnableWritePoll: unsafe extern "system" fn (this: *const nsIUDPSocket) -> libc::c_void,
 8:57.14 W     |                                                                               ----^^^^^^^^^^^^
 8:57.14 W     |                                                                               |
 8:57.14 W     |                                                                               help: remove the return type to implicitly return `()`
 8:57.14 W     |
 8:57.14 W     = help: returning `()` in Rust is equivalent to returning `void` in C
 8:57.14 W     = note: `c_void` is only used through raw pointers for compatibility with `void` pointers
 8:57.14 W warning: declarations returning `c_void` are not compatible with C functions returning `void`
 8:57.14 W    --> C:/Users/Zachary/Documents/Project/browser-dev/Floorp-Runtime/obj-x86_64-pc-windows-msvc/dist/xpcrs/rt/nsIUDPSocket.rs:211:95
 8:57.14 W     |
 8:57.14 W 211 |     pub AddOutputBytes: unsafe extern "system" fn (this: *const nsIUDPSocket, aBytes: u32) -> libc::c_void,
 8:57.14 W     |                                                                                           ----^^^^^^^^^^^^
 8:57.14 W     |                                                                                           |
 8:57.14 W     |                                                                                           help: remove the return type to implicitly return `()`
 8:57.14 W     |
 8:57.14 W     = help: returning `()` in Rust is equivalent to returning `void` in C
 8:57.15 W     = note: `c_void` is only used through raw pointers for compatibility with `void` pointers
 8:57.15 W warning: declarations returning `c_void` are not compatible with C functions returning `void`
 8:57.15 W    --> C:/Users/Zachary/Documents/Project/browser-dev/Floorp-Runtime/obj-x86_64-pc-windows-msvc/dist/xpcrs/rt/nsIUDPSocket.rs:214:94
 8:57.15 W     |
 8:57.15 W 214 |     pub AddInputBytes: unsafe extern "system" fn (this: *const nsIUDPSocket, aBytes: u32) -> libc::c_void,
 8:57.15 W     |                                                                                          ----^^^^^^^^^^^^
 8:57.15 W     |                                                                                          |
 8:57.15 W     |                                                                                          help: remove the return type to implicitly return `()`
 8:57.15 W     |
 8:57.15 W     = help: returning `()` in Rust is equivalent to returning `void` in C
 8:57.15 W     = note: `c_void` is only used through raw pointers for compatibility with `void` pointers
 8:57.15 W warning: declarations returning `c_void` are not compatible with C functions returning `void`
 8:57.15 W    --> C:/Users/Zachary/Documents/Project/browser-dev/Floorp-Runtime/obj-x86_64-pc-windows-msvc/dist/xpcrs/rt/nsIUDPSocket.rs:217:91
 8:57.15 W     |
 8:57.15 W 217 |     pub MarkAsTRRServiceChannel: unsafe extern "system" fn (this: *const nsIUDPSocket) -> libc::c_void,
 8:57.15 W     |                                                                                       ----^^^^^^^^^^^^
 8:57.15 W     |                                                                                       |
 8:57.15 W     |                                                                                       help: remove the return type to implicitly return `()`
 8:57.15 W     |
 8:57.15 W     = help: returning `()` in Rust is equivalent to returning `void` in C
 8:57.15 W     = note: `c_void` is only used through raw pointers for compatibility with `void` pointers
 8:57.15 W warning: declarations returning `c_void` are not compatible with C functions returning `void`
 8:57.16 W    --> C:/Users/Zachary/Documents/Project/browser-dev/Floorp-Runtime/obj-x86_64-pc-windows-msvc/dist/xpcrs/rt/nsIUDPSocket.rs:637:47
 8:57.16 W     |
 8:57.16 W 637 |     pub unsafe fn EnableWritePoll(&self, ) -> libc::c_void {
 8:57.16 W     |                                           ----^^^^^^^^^^^^
 8:57.16 W     |                                           |
 8:57.16 W     |                                           help: remove the return type to implicitly return `()`
 8:57.16 W     |
 8:57.16 W     = help: returning `()` in Rust is equivalent to returning `void` in C
 8:57.16 W     = note: `c_void` is only used through raw pointers for compatibility with `void` pointers
 8:57.16 W warning: declarations returning `c_void` are not compatible with C functions returning `void`
 8:57.16 W    --> C:/Users/Zachary/Documents/Project/browser-dev/Floorp-Runtime/obj-x86_64-pc-windows-msvc/dist/xpcrs/rt/nsIUDPSocket.rs:674:57
 8:57.16 W     |
 8:57.16 W 674 |     pub unsafe fn AddOutputBytes(&self, aBytes: u32) -> libc::c_void {
 8:57.16 W     |                                                     ----^^^^^^^^^^^^
 8:57.16 W     |                                                     |
 8:57.16 W     |                                                     help: remove the return type to implicitly return `()`
 8:57.16 W     |
 8:57.16 W     = help: returning `()` in Rust is equivalent to returning `void` in C
 8:57.16 W     = note: `c_void` is only used through raw pointers for compatibility with `void` pointers
 8:57.16 W warning: declarations returning `c_void` are not compatible with C functions returning `void`
 8:57.16 W    --> C:/Users/Zachary/Documents/Project/browser-dev/Floorp-Runtime/obj-x86_64-pc-windows-msvc/dist/xpcrs/rt/nsIUDPSocket.rs:695:56
 8:57.17 W     |
 8:57.17 W 695 |     pub unsafe fn AddInputBytes(&self, aBytes: u32) -> libc::c_void {
 8:57.17 W     |                                                    ----^^^^^^^^^^^^
 8:57.17 W     |                                                    |
 8:57.17 W     |                                                    help: remove the return type to implicitly return `()`
 8:57.17 W     |
 8:57.17 W     = help: returning `()` in Rust is equivalent to returning `void` in C
 8:57.17 W     = note: `c_void` is only used through raw pointers for compatibility with `void` pointers
 8:57.17 W warning: declarations returning `c_void` are not compatible with C functions returning `void`
 8:57.17 W    --> C:/Users/Zachary/Documents/Project/browser-dev/Floorp-Runtime/obj-x86_64-pc-windows-msvc/dist/xpcrs/rt/nsIUDPSocket.rs:712:55
 8:57.17 W     |
 8:57.18 W 712 |     pub unsafe fn MarkAsTRRServiceChannel(&self, ) -> libc::c_void {
 8:57.18 W     |                                                   ----^^^^^^^^^^^^
 8:57.18 W     |                                                   |
 8:57.18 W     |                                                   help: remove the return type to implicitly return `()`
 8:57.18 W     |
 8:57.18 W     = help: returning `()` in Rust is equivalent to returning `void` in C
 8:57.18 W     = note: `c_void` is only used through raw pointers for compatibility with `void` pointers
 8:57.93    Compiling windows-implement v0.60.2
 9:01.45 W warning: `xpcom` (lib) generated 50 warnings
 9:01.45    Compiling app_units v0.7.8
 9:01.77    Compiling windows-threading v0.2.1
 9:02.08    Compiling uuid v1.3.0
 9:02.46    Compiling hashlink v0.11.0
 9:03.38    Compiling tracing-attributes v0.1.28
 9:03.62    Compiling tracing-subscriber v0.3.20
 9:10.82    Compiling askama_derive v0.14.0
 9:12.24    Compiling windows-core v0.62.2
 9:14.82    Compiling windows-numerics v0.3.1
 9:14.98    Compiling windows-collections v0.3.2
 9:15.40    Compiling windows-future v0.3.2
 9:16.43    Compiling malloc_size_of_derive v0.1.3 (C:\Users\Zachary\Documents\Project\browser-dev\Floorp-Runtime\xpcom\rust\malloc_size_of_derive)
 9:16.75    Compiling rand_core v0.6.4
 9:17.50    Compiling windows v0.62.2 (C:\Users\Zachary\Documents\Project\browser-dev\Floorp-Runtime\build\rust\windows)
 9:18.13    Compiling hashlink v0.10.999 (C:\Users\Zachary\Documents\Project\browser-dev\Floorp-Runtime\build\rust\hashlink)
 9:18.29    Compiling bindgen v0.69.999 (C:\Users\Zachary\Documents\Project\browser-dev\Floorp-Runtime\build\rust\bindgen)
 9:18.48    Compiling error-support-macros v0.1.0 (C:\Users\Zachary\Documents\Project\browser-dev\Floorp-Runtime\third_party\application-services\components\support\error\macros)
 9:23.89    Compiling ordered-float v3.4.0
 9:24.88    Compiling fallible-iterator v0.3.0
 9:25.98    Compiling fallible-streaming-iterator v0.1.9
 9:26.37    Compiling rusqlite v0.37.0
 9:26.82    Compiling chrono v0.4.42
 9:37.82    Compiling wr_malloc_size_of v0.2.2 (C:\Users\Zachary\Documents\Project\browser-dev\Floorp-Runtime\gfx\wr\wr_malloc_size_of)
 9:37.84    Compiling slab v0.4.8
 9:37.89    Compiling tracing v0.1.41
 9:38.25    Compiling cpufeatures v0.2.8
 9:38.41    Compiling arrayref v0.3.6
 9:38.56    Compiling hex v0.4.3
 9:39.08    Compiling zeroize_derive v1.4.2
 9:39.14    Compiling id-arena v2.2.1
 9:39.51    Compiling ppv-lite86 v0.2.17
 9:39.56    Compiling rkv v0.20.0
 9:40.71    Compiling rand_chacha v0.3.1
 9:40.98    Compiling sha2 v0.10.8
 9:43.70    Compiling serde_bytes v0.11.9
 9:44.37    Compiling thiserror v1.999.999 (C:\Users\Zachary\Documents\Project\browser-dev\Floorp-Runtime\build\rust\thiserror)
 9:44.53    Compiling base64 v0.21.999 (C:\Users\Zachary\Documents\Project\browser-dev\Floorp-Runtime\build\rust\base64)
 9:44.69    Compiling futures-sink v0.3.31
 9:44.92    Compiling futures-core v0.3.31
 9:44.99    Compiling uniffi v0.31.0
 9:45.16    Compiling tracing-support v0.1.0 (C:\Users\Zachary\Documents\Project\browser-dev\Floorp-Runtime\third_party\application-services\components\support\tracing)
 9:45.26    Compiling futures-channel v0.3.31
 9:45.94    Compiling rand v0.8.6
 9:48.76    Compiling error-support v0.1.0 (C:\Users\Zachary\Documents\Project\browser-dev\Floorp-Runtime\third_party\application-services\components\support\error)
 9:48.79    Compiling strum_macros v0.27.1
 9:50.15    Compiling pkcs11-bindings v0.1.7
 9:55.45    Compiling async-trait v0.1.89
 9:56.37    Compiling zeroize v1.8.1
 9:57.13    Compiling phf_shared v0.13.1
 9:57.63    Compiling num_cpus v1.16.0
 9:58.00    Compiling adler2 v2.0.1
 9:58.02    Compiling phf_generator v0.13.1
 9:58.46    Compiling gecko-profiler v0.1.0 (C:\Users\Zachary\Documents\Project\browser-dev\Floorp-Runtime\tools\profiler\rust-api)
 9:59.10    Compiling async-task v4.3.0
 9:59.48    Compiling simd-adler32 v0.3.7
 9:59.74    Compiling icu_locale_data v2.1.1
10:00.69    Compiling miniz_oxide v0.8.9
10:03.94    Compiling moz_task v0.1.0 (C:\Users\Zachary\Documents\Project\browser-dev\Floorp-Runtime\xpcom\rust\moz_task)
10:05.50    Compiling arrayvec v0.7.6
10:06.27    Compiling profiler-macros v0.1.0 (C:\Users\Zachary\Documents\Project\browser-dev\Floorp-Runtime\tools\profiler\rust-api\macros)
10:06.75    Compiling futures-macro v0.3.31
10:07.48    Compiling enum-map-derive v0.17.0
10:08.69    Compiling askama v0.14.0
10:10.52    Compiling uniffi_bindgen v0.31.0
10:11.70    Compiling memoffset v0.9.0
10:12.11    Compiling crc32fast v1.4.2
10:12.79    Compiling pin-utils v0.1.0
10:12.90    Compiling futures-task v0.3.31
10:12.97    Compiling futures-io v0.3.31
10:13.60    Compiling flate2 v1.1.4
10:13.89    Compiling unic-langid-impl v0.9.6
10:15.73    Compiling crossbeam-channel v0.5.15
10:16.30    Compiling enum-map v2.7.3
10:16.74    Compiling whatsys v0.3.2
10:18.16    Compiling zeitstempel v0.2.1
10:18.60    Compiling unic-langid v0.9.6
10:18.81    Compiling icu_locale v2.1.1
10:19.01 W warning: unused import: `marker::options::*`
10:19.01 W   --> tools\profiler\rust-api\src\lib.rs:20:9
10:19.01 W    |
10:19.01 W 20 | pub use marker::options::*;
10:19.02 W    |         ^^^^^^^^^^^^^^^^^^
10:19.02 W    |
10:19.02 W    = note: `#[warn(unused_imports)]` (part of `#[warn(unused)]`) on by default
10:20.36    Compiling nss-rs v0.13.2 (https://github.com/mozilla/nss-rs#a77e4287)
10:22.46 W warning: `gecko-profiler` (lib) generated 1 warning (run `cargo fix --lib -p gecko-profiler` to apply 1 suggestion)
10:25.83    Compiling memoffset v0.8.999 (C:\Users\Zachary\Documents\Project\browser-dev\Floorp-Runtime\build\rust\memoffset)
10:26.39    Compiling phf_macros v0.13.1
10:27.07    Compiling inherent v1.0.7
10:28.59    Compiling static_prefs v0.1.0 (C:\Users\Zachary\Documents\Project\browser-dev\Floorp-Runtime\modules\libpref\init\static_prefs)
10:28.87    Compiling derive_more-impl v2.0.1
10:33.31    Compiling futures-util v0.3.31
10:38.07    Compiling prost-derive v0.13.5
10:45.34    Compiling phf v0.13.1
10:45.97    Compiling rustc-hash v1.999.999 (C:\Users\Zachary\Documents\Project\browser-dev\Floorp-Runtime\build\rust\rustc-hash)
10:46.18    Compiling crossbeam-epoch v0.9.14
10:48.00    Compiling futures-executor v0.3.28
10:48.87    Compiling strum v0.27.1
10:49.24    Compiling futures v0.3.28
10:49.37    Compiling dtoa v0.4.8
10:49.48    Compiling smallbitvec v2.5.1
10:49.77    Compiling dtoa-short v0.3.3
10:50.42    Compiling phf_codegen v0.13.1
10:50.64    Compiling mls-rs-codec-derive v0.2.0
10:50.76    Compiling cssparser-macros v0.7.0
10:55.23    Compiling ffi-support v0.4.4
10:55.33    Compiling cmake v0.1.999 (C:\Users\Zachary\Documents\Project\browser-dev\Floorp-Runtime\build\rust\cmake)
10:55.36    Compiling precomputed-hash v0.1.1
10:55.46    Compiling rayon-core v1.12.1
10:55.53    Compiling cubeb-sys v0.32.0
10:56.49    Compiling cssparser v0.37.0
10:56.64    Compiling selectors v0.26.0 (C:\Users\Zachary\Documents\Project\browser-dev\Floorp-Runtime\servo\components\selectors)
10:58.36    Compiling fluent-langneg v0.13.0
10:59.43    Compiling hashbrown v0.15.999 (C:\Users\Zachary\Documents\Project\browser-dev\Floorp-Runtime\build\rust\hashbrown-0.15)
10:59.63    Compiling rustc_version v0.4.0
10:59.85    Compiling mls-rs-codec v0.7.0
10:59.91    Compiling half v2.5.0
11:01.50    Compiling maybe-async v0.2.10
11:01.64    Compiling type-map v0.5.1
11:02.38    Compiling servo_arc v0.4.0 (C:\Users\Zachary\Documents\Project\browser-dev\Floorp-Runtime\servo\components\servo_arc)
11:02.60    Compiling pollster v0.3.0
11:03.03    Compiling khronos_api v3.1.0
11:03.13    Compiling nss_build_common v0.1.0 (C:\Users\Zachary\Documents\Project\browser-dev\Floorp-Runtime\third_party\application-services\components\support\rc_crypto\nss\nss_build_common)
11:04.05    Compiling nss_sys v0.1.0 (C:\Users\Zachary\Documents\Project\browser-dev\Floorp-Runtime\third_party\application-services\components\support\rc_crypto\nss\nss_sys)
11:04.63    Compiling to_shmem v0.1.0 (C:\Users\Zachary\Documents\Project\browser-dev\Floorp-Runtime\servo\components\to_shmem)
11:05.29    Compiling intl-memoizer v0.5.3
11:06.97    Compiling crossbeam-deque v0.8.2
11:07.07    Compiling intl_pluralrules v7.0.2
11:07.09    Compiling serde_with_macros v3.12.0
11:07.66    Compiling to_shmem_derive v0.1.0 (C:\Users\Zachary\Documents\Project\browser-dev\Floorp-Runtime\servo\components\to_shmem_derive)
11:10.66    Compiling fluent-syntax v0.12.0
11:12.58    Compiling core_maths v0.1.0
11:12.82    Compiling bitflags v1.999.999 (C:\Users\Zachary\Documents\Project\browser-dev\Floorp-Runtime\build\rust\bitflags)
11:13.01    Compiling unicase v2.6.0
11:14.01    Compiling new_debug_unreachable v1.0.4
11:14.18    Compiling self_cell v1.2.0
11:15.14    Compiling rsclientcerts-util v0.1.0 (C:\Users\Zachary\Documents\Project\browser-dev\Floorp-Runtime\security\manager\ssl\rsclientcerts-util)
11:15.21    Compiling prost v0.13.5
11:16.39    Compiling fluent-bundle v0.16.0
11:16.68    Compiling viaduct v0.1.0 (C:\Users\Zachary\Documents\Project\browser-dev\Floorp-Runtime\third_party\application-services\components\viaduct)
11:19.60    Compiling derive_more v2.0.1
11:26.51    Compiling lalrpop-util v0.19.12
11:26.90    Compiling webrender_build v0.0.2 (C:\Users\Zachary\Documents\Project\browser-dev\Floorp-Runtime\gfx\wr\webrender_build)
11:27.31    Compiling bytemuck_derive v1.9.3
11:28.75    Compiling naga v29.0.0 (https://github.com/gfx-rs/wgpu?rev=1ff557ddf68731c825bcc9f74a30fe519e968089#1ff557dd)
11:29.33    Compiling mls-rs-core v0.26.0
11:30.11    Compiling cubeb-core v0.32.0
11:32.11    Compiling ash v0.38.0+1.3.281
11:32.32    Compiling unicode-width v0.2.0
11:32.94    Compiling icu_casemap_data v2.1.1
11:33.01    Compiling typeid v1.0.3
11:33.87    Compiling void v1.0.2
11:33.92    Compiling neqo-common v0.29.0 (https://github.com/mozilla/neqo?tag=v0.29.0#18832752)
11:34.10    Compiling xml-rs v0.8.4
11:34.73    Compiling bit-vec v0.9.1
11:35.39    Compiling malloc_size_of v0.0.1 (C:\Users\Zachary\Documents\Project\browser-dev\Floorp-Runtime\servo\components\malloc_size_of)
11:36.06    Compiling gl_generator v0.14.0
11:36.16    Compiling bit-set v0.10.0
11:36.73    Compiling trust-anchor-build-util v0.1.0 (C:\Users\Zachary\Documents\Project\browser-dev\Floorp-Runtime\security\manager\ssl\trust-anchor-build-util)
11:37.31    Compiling serde_with v3.12.0
11:37.74    Compiling codespan-reporting v0.13.1
11:40.07    Compiling qlog v0.16.0
11:41.22    Compiling jexl-parser v0.4.0
11:42.20    Compiling rayon v1.10.0
11:42.82    Compiling storage_variant v0.1.0 (C:\Users\Zachary\Documents\Project\browser-dev\Floorp-Runtime\storage\variant)
11:43.85    Compiling serde_path_to_error v0.1.11
11:44.58    Compiling mtu v0.4.1 (https://github.com/mozilla/neqo?tag=v0.29.0#18832752)
11:45.58    Compiling glslopt v0.1.14
11:46.00    Compiling glsl v6.0.2
11:46.24    Compiling spirv v0.4.0+sdk-1.4.341.0
11:46.84    Compiling atomic_refcell v0.1.9
11:46.85    Compiling ref-cast v1.0.24
11:47.15    Compiling raw-window-handle v0.6.2
11:48.03    Compiling icu_calendar_data v2.1.1
11:48.69    Compiling icu_collator_data v2.1.1 (C:\Users\Zachary\Documents\Project\browser-dev\Floorp-Runtime\third_party\rust\icu_collator_data)
11:49.71    Compiling gleam v0.15.1
11:52.14    Compiling glsl-to-cxx v0.1.0 (C:\Users\Zachary\Documents\Project\browser-dev\Floorp-Runtime\gfx\wr\glsl-to-cxx)
11:57.21    Compiling bytemuck v1.22.0
11:58.10    Compiling wgpu-types v29.0.0 (https://github.com/gfx-rs/wgpu?rev=1ff557ddf68731c825bcc9f74a30fe519e968089#1ff557dd)
12:08.79    Compiling jexl-eval v0.4.0
12:13.50    Compiling nss-as v0.1.0 (C:\Users\Zachary\Documents\Project\browser-dev\Floorp-Runtime\third_party\application-services\components\support\rc_crypto\nss)
12:16.78    Compiling same-file v1.0.6
12:18.71    Compiling sync-guid v0.1.0 (C:\Users\Zachary\Documents\Project\browser-dev\Floorp-Runtime\third_party\application-services\components\support\guid)
12:19.75    Compiling fluent-pseudo v0.3.3
12:22.52    Compiling enumset_derive v0.8.1
12:25.94    Compiling payload-support v0.1.0 (C:\Users\Zachary\Documents\Project\browser-dev\Floorp-Runtime\third_party\application-services\components\support\payload)
12:26.22    Compiling firefox-versioning v0.1.0 (C:\Users\Zachary\Documents\Project\browser-dev\Floorp-Runtime\third_party\application-services\components\support\firefox-versioning)
12:28.38    Compiling peek-poke-derive v0.3.0 (C:\Users\Zachary\Documents\Project\browser-dev\Floorp-Runtime\gfx\wr\peek-poke\peek-poke-derive)
12:28.87    Compiling ref-cast-impl v1.0.24
12:31.00    Compiling wgpu-hal v29.0.0 (https://github.com/gfx-rs/wgpu?rev=1ff557ddf68731c825bcc9f74a30fe519e968089#1ff557dd)
12:32.65    Compiling comedy v0.2.0
12:33.73    Compiling paste v1.0.11
12:34.83    Compiling crossbeam-queue v0.3.8
12:35.12    Compiling presser v0.3.1
12:35.34    Compiling icu_segmenter_data v2.1.1 (C:\Users\Zachary\Documents\Project\browser-dev\Floorp-Runtime\intl\icu_segmenter_data)
12:35.43    Compiling subtle v2.6.1
12:35.63    Compiling icu_segmenter v2.1.2
12:36.02    Compiling peek-poke v0.3.0 (C:\Users\Zachary\Documents\Project\browser-dev\Floorp-Runtime\gfx\wr\peek-poke)
12:36.53    Compiling build-parallel v0.1.2
12:36.69    Compiling enumset v1.1.2
12:36.69    Compiling swgl v0.1.0 (C:\Users\Zachary\Documents\Project\browser-dev\Floorp-Runtime\gfx\wr\swgl)
12:37.10    Compiling fluent v0.17.0
12:38.22    Compiling ron v0.12.0
12:38.31    Compiling icu_casemap v2.1.1
12:42.68    Compiling wgpu-naga-bridge v29.0.0 (https://github.com/gfx-rs/wgpu?rev=1ff557ddf68731c825bcc9f74a30fe519e968089#1ff557dd)
12:43.23    Compiling walkdir v2.3.2
12:46.44    Compiling mls-rs-crypto-traits v0.21.0
12:46.53    Compiling calendrical_calculations v0.2.3
12:47.14    Compiling flatbuffers v25.12.19
12:48.32    Compiling hashbrown v0.13.999 (C:\Users\Zachary\Documents\Project\browser-dev\Floorp-Runtime\build\rust\hashbrown-0.13)
12:48.49    Compiling ohttp v0.7.2 (https://github.com/martinthomson/ohttp#600931b5)
12:48.73    Compiling socket2 v0.6.3
12:49.45    Compiling num-derive v0.4.2
12:49.86    Compiling md-5 v0.10.5
12:50.23    Compiling quinn-udp v0.6.0
12:52.28    Compiling gpu-allocator v0.28.0
12:53.49    Compiling wio v0.2.2
12:53.83    Compiling toml v0.5.999 (C:\Users\Zachary\Documents\Project\browser-dev\Floorp-Runtime\build\rust\toml)
12:53.99    Compiling proc-macro-error-attr2 v2.0.0
12:56.30    Compiling strck v1.0.0
12:56.87    Compiling pin-cell v0.2.0
12:57.17    Compiling range-alloc v0.1.3
12:57.49    Compiling ixdtf v0.6.4
12:57.78    Compiling num-conv v0.2.0
12:58.24    Compiling profiling v1.0.7
12:58.60    Compiling powerfmt v0.2.0
12:58.63    Compiling chunky-vec v0.1.0
12:59.00    Compiling time-core v0.1.8
12:59.40    Compiling deranged v0.5.8
12:59.48    Compiling time-macros v0.2.27
12:59.50    Compiling fluent-fallback v0.7.2
13:01.62    Compiling icu_calendar v2.1.1
13:06.39    Compiling diplomat_core v0.14.0
13:10.45    Compiling proc-macro-error2 v2.0.1
13:12.38    Compiling style v0.0.1 (C:\Users\Zachary\Documents\Project\browser-dev\Floorp-Runtime\servo\components\style)
13:14.66    Compiling dwrote v0.11.5
13:20.06    Compiling uniffi_build v0.31.0
13:20.77    Compiling mls-rs-crypto-hpke v0.20.0
13:20.99    Compiling icu_collator v2.1.1 (C:\Users\Zachary\Documents\Project\browser-dev\Floorp-Runtime\third_party\rust\icu_collator)
13:21.19    Compiling neqo-transport v0.29.0 (https://github.com/mozilla/neqo?tag=v0.29.0#18832752)
13:35.64    Compiling mime_guess v2.0.4
13:39.77    Compiling sfv v0.14.0
13:45.33    Compiling webrender_api v0.62.0 (C:\Users\Zachary\Documents\Project\browser-dev\Floorp-Runtime\gfx\wr\webrender_api)
13:54.34    Compiling filetime_win v0.2.0
13:54.71    Compiling guid_win v0.2.0
13:55.03    Compiling rc_crypto v0.1.0 (C:\Users\Zachary\Documents\Project\browser-dev\Floorp-Runtime\third_party\application-services\components\support\rc_crypto)
13:55.43    Compiling cubeb v0.32.0
13:55.74    Compiling mls-rs-identity-x509 v0.20.0
13:56.69    Compiling mozglue-static v0.1.0 (C:\Users\Zachary\Documents\Project\browser-dev\Floorp-Runtime\mozglue\static\rust)
13:57.63    Compiling hashbrown v0.14.999 (C:\Users\Zachary\Documents\Project\browser-dev\Floorp-Runtime\build\rust\hashbrown-0.14)
13:57.77    Compiling skv v0.0.0 (C:\Users\Zachary\Documents\Project\browser-dev\Floorp-Runtime\third_party\skv)
13:57.88    Compiling mio v1.2.0
14:03.66    Compiling neqo-udp v0.29.0 (https://github.com/mozilla/neqo?tag=v0.29.0#18832752)
14:04.99    Compiling wgpu-core v29.0.0 (https://github.com/gfx-rs/wgpu?rev=1ff557ddf68731c825bcc9f74a30fe519e968089#1ff557dd)
14:06.24 W 9 warnings generated.
14:06.26    Compiling arraystring v0.3.0
14:09.55    Compiling num-integer v0.1.46
14:11.26    Compiling debug_tree v0.4.0
14:11.89    Compiling authenticator v0.6.0 (https://github.com/mozilla/authenticator-rs?tag=v0.6.0#86caf8b8)
14:12.63    Compiling encoding_c_mem v0.2.6
14:13.51    Compiling replace_with v0.1.8
14:13.73    Compiling jxl_simd v0.4.3 (https://github.com/libjxl/jxl-rs?rev=c41cbfaf34c2c8ebc3fb6655c885fe427ab9542a#c41cbfaf)
14:14.78    Compiling litrs v0.4.1
14:15.34    Compiling encoding_c v0.9.8
14:16.17    Compiling rustix v1.1.4
14:18.82    Compiling spin v0.10.999 (C:\Users\Zachary\Documents\Project\browser-dev\Floorp-Runtime\build\rust\spin)
14:18.98    Compiling cose v0.1.4 (https://github.com/franziskuskiefer/cose-rust?rev=43c22248d136c8b38fe42ea709d08da6355cf04b#43c22248)
14:19.24    Compiling keccak v0.1.6
14:19.88    Compiling tracy-rs v0.1.2
14:20.06    Compiling svg_fmt v0.4.1
14:20.15    Compiling macro_rules_attribute-proc_macro v0.2.2
14:20.85    Compiling etagere v0.2.13
14:20.92    Compiling sha3 v0.10.8
14:22.38    Compiling time v0.3.47
14:23.64    Compiling macro_rules_attribute v0.2.2
14:23.79    Compiling document-features v0.2.11
14:23.86    Compiling mls-rs v0.54.0
14:24.94    Compiling jxl_transforms v0.4.3 (https://github.com/libjxl/jxl-rs?rev=c41cbfaf34c2c8ebc3fb6655c885fe427ab9542a#c41cbfaf)
14:29.94    Compiling l10nregistry v0.3.0 (C:\Users\Zachary\Documents\Project\browser-dev\Floorp-Runtime\intl\l10n\rust\l10nregistry-rs)
14:37.06    Compiling rsclientcerts v0.1.0 (C:\Users\Zachary\Documents\Project\browser-dev\Floorp-Runtime\security\manager\ssl\rsclientcerts)
14:37.31    Compiling kvstore v0.1.0 (C:\Users\Zachary\Documents\Project\browser-dev\Floorp-Runtime\toolkit\components\kvstore)
14:39.40    Compiling audioipc2 v0.6.0 (https://github.com/mozilla/audioipc?rev=c9dcbaee1624daad2fa6b1445fd047efde4f1ec0#c9dcbaee)
14:40.94    Compiling fallible_collections v0.5.1
14:42.85    Compiling jwcrypto v0.1.0 (C:\Users\Zachary\Documents\Project\browser-dev\Floorp-Runtime\third_party\application-services\components\support\jwcrypto)
14:44.42    Compiling diplomat v0.14.0
14:47.58    Compiling bits v0.2.0 (C:\Users\Zachary\Documents\Project\browser-dev\Floorp-Runtime\toolkit\components\bitsdownload\bits_client\bits)
14:49.69    Compiling neqo-qpack v0.29.0 (https://github.com/mozilla/neqo?tag=v0.29.0#18832752)
14:58.32    Compiling mls-rs-crypto-nss v0.2.1 (https://github.com/mozilla/mls-platform-api?rev=2a2e344019bfc76b7e566ee6e0549cf668d90127#2a2e3440)
15:01.87    Compiling wgpu-core-deps-windows-linux-android v29.0.0 (https://github.com/gfx-rs/wgpu?rev=1ff557ddf68731c825bcc9f74a30fe519e968089#1ff557dd)
15:02.04    Compiling jxl_macros v0.4.3 (https://github.com/libjxl/jxl-rs?rev=c41cbfaf34c2c8ebc3fb6655c885fe427ab9542a#c41cbfaf)
15:02.89    Compiling trust-anchors v0.1.0 (C:\Users\Zachary\Documents\Project\browser-dev\Floorp-Runtime\security\manager\ssl\trust_anchors)
15:08.81    Compiling icu_time v2.1.1
15:11.14    Compiling fluent-ffi v0.1.0 (C:\Users\Zachary\Documents\Project\browser-dev\Floorp-Runtime\intl\l10n\rust\fluent-ffi)
15:13.13    Compiling qwac-trust-anchors v0.1.0 (C:\Users\Zachary\Documents\Project\browser-dev\Floorp-Runtime\security\manager\ssl\qwac_trust_anchors)
15:14.07    Compiling pdf-trust-anchors v0.1.0 (C:\Users\Zachary\Documents\Project\browser-dev\Floorp-Runtime\security\manager\ssl\pdf_trust_anchors)
15:14.39    Compiling dom v0.1.0 (C:\Users\Zachary\Documents\Project\browser-dev\Floorp-Runtime\dom\base\rust)
15:15.42    Compiling style_traits v0.0.1 (C:\Users\Zachary\Documents\Project\browser-dev\Floorp-Runtime\servo\components\style_traits)
15:16.09    Compiling mls-rs-provider-sqlite v0.22.0 (https://github.com/mozilla/mls-platform-api?rev=2a2e344019bfc76b7e566ee6e0549cf668d90127#2a2e3440)
15:17.23    Compiling serde_cbor_2 v0.13.0
15:21.11    Compiling icu_provider_adapters v2.1.1
15:21.38    Compiling itertools v0.13.0 (C:\Users\Zachary\Documents\Project\browser-dev\Floorp-Runtime\build\rust\itertools)
15:21.53    Compiling uluru v3.0.0
15:21.67    Compiling rand_distr v0.4.3
15:21.78    Compiling types v0.1.0 (C:\Users\Zachary\Documents\Project\browser-dev\Floorp-Runtime\third_party\application-services\components\support\types)
15:22.08    Compiling plane-split v0.18.0
15:22.13    Compiling style_derive v0.0.1 (C:\Users\Zachary\Documents\Project\browser-dev\Floorp-Runtime\servo\components\style_derive)
15:23.19    Compiling clubcard v0.3.3
15:23.37    Compiling audio_thread_priority v0.35.1
15:23.79    Compiling errno v0.3.14
15:24.41    Compiling bhttp v0.7.2
15:24.48    Compiling extend v1.2.0
15:25.20    Compiling http v1.4.0
15:27.45    Compiling dirs-sys v0.3.7
15:27.79    Compiling bitreader v0.3.6
15:28.60    Compiling moz_cbor v0.1.2
15:28.84    Compiling array-init v2.1.0
15:29.03    Compiling seahash v4.1.0
15:29.66    Compiling quick-error v1.2.3
15:29.83    Compiling memmap2 v0.9.3
15:30.60    Compiling topological-sort v0.1.0
15:30.66    Compiling harfbuzz-sys v0.6.1 (https://github.com/hsivonen/rust-harfbuzz?rev=9d58a23a98772a197291d04af93f7041b7093d95#9d58a23a)
15:30.93    Compiling diplomat-runtime v0.14.0
15:31.02    Compiling murmurhash3 v0.0.5
15:31.33    Compiling mime v0.3.16
15:31.44    Compiling zerocopy v0.8.27
15:32.85    Compiling zlib-rs v0.6.3 (C:\Users\Zachary\Documents\Project\browser-dev\Floorp-Runtime\third_party\rust\zlib-rs)
15:32.96    Compiling runloop v0.1.0
15:36.49    Compiling icu_capi v2.1.1 (C:\Users\Zachary\Documents\Project\browser-dev\Floorp-Runtime\intl\icu_capi)
15:37.59    Compiling rust_cascade v1.5.0
15:39.45    Compiling harfbuzz v0.6.0 (https://github.com/hsivonen/rust-harfbuzz?rev=9d58a23a98772a197291d04af93f7041b7093d95#9d58a23a)
15:40.05    Compiling dns-parser v0.8.0
15:42.15    Compiling adblock v0.12.1
15:42.41    Compiling jxl v0.4.3 (https://github.com/libjxl/jxl-rs?rev=c41cbfaf34c2c8ebc3fb6655c885fe427ab9542a#c41cbfaf)
15:45.07    Compiling mp4parse v0.17.0 (https://github.com/mozilla/mp4parse-rust?rev=b693c7e4a91d1d5a391c0404d18b6fc94714894e#b693c7e4)
15:46.91    Compiling neqo-http3 v0.29.0 (https://github.com/mozilla/neqo?tag=v0.29.0#18832752)
15:51.46    Compiling dirs v4.0.0
15:52.35    Compiling clubcard-crlite v0.4.0
15:54.78    Compiling mls-platform-api v0.2.0 (https://github.com/mozilla/mls-platform-api?rev=2a2e344019bfc76b7e566ee6e0549cf668d90127#2a2e3440)
16:05.85    Compiling l10nregistry-ffi v0.1.0 (C:\Users\Zachary\Documents\Project\browser-dev\Floorp-Runtime\intl\l10n\rust\l10nregistry-ffi)
16:20.65    Compiling buildid_reader v0.1.0 (C:\Users\Zachary\Documents\Project\browser-dev\Floorp-Runtime\toolkit\library\buildid_reader)
16:22.59    Compiling bits_client v0.2.0 (C:\Users\Zachary\Documents\Project\browser-dev\Floorp-Runtime\toolkit\components\bitsdownload\bits_client)
16:26.45    Compiling lockstore_rs v0.1.0 (C:\Users\Zachary\Documents\Project\browser-dev\Floorp-Runtime\security\lockstore\lockstore_rs)
16:43.32    Compiling prio v0.16.2
16:48.18    Compiling collator_glue v0.1.0 (C:\Users\Zachary\Documents\Project\browser-dev\Floorp-Runtime\js\src\builtin\intl\collator_glue)
16:49.73    Compiling filter_adult v0.1.0 (C:\Users\Zachary\Documents\Project\browser-dev\Floorp-Runtime\third_party\application-services\components\filter_adult)
16:50.81    Compiling properties_glue v0.1.0 (C:\Users\Zachary\Documents\Project\browser-dev\Floorp-Runtime\js\src\irregexp\properties_glue)
16:51.44    Compiling init_rust_components v0.1.0 (C:\Users\Zachary\Documents\Project\browser-dev\Floorp-Runtime\third_party\application-services\components\init_rust_components)
16:53.89    Compiling cubeb-backend v0.32.0
16:54.29    Compiling storage v0.1.0 (C:\Users\Zachary\Documents\Project\browser-dev\Floorp-Runtime\storage\rust)
16:55.21    Compiling mozurl v0.0.1 (C:\Users\Zachary\Documents\Project\browser-dev\Floorp-Runtime\netwerk\base\mozurl)
16:55.30    Compiling context_id v0.1.0 (C:\Users\Zachary\Documents\Project\browser-dev\Floorp-Runtime\third_party\application-services\components\context_id)
16:55.53    Compiling dogear v0.5.0
16:56.80    Compiling midir v0.10.3 (https://github.com/mozilla/midir.git?rev=54759f681f3b523e120d047adec2bb1a97152017#54759f68)
16:58.54    Compiling locale_glue v0.1.0 (C:\Users\Zachary\Documents\Project\browser-dev\Floorp-Runtime\js\src\builtin\intl\locale_glue)
16:59.45    Compiling unic-langid-ffi v0.1.0 (C:\Users\Zachary\Documents\Project\browser-dev\Floorp-Runtime\intl\locale\rust\unic-langid-ffi)
16:59.95    Compiling sha1 v0.10.5
17:01.52    Compiling uritemplate-next v0.2.0
17:02.97    Compiling urlpattern v0.6.0
17:06.15    Compiling ipdl_utils v0.1.0 (C:\Users\Zachary\Documents\Project\browser-dev\Floorp-Runtime\ipc\rust\ipdl_utils)
17:06.30    Compiling happy-eyeballs v0.6.0 (https://github.com/mozilla/happy-eyeballs?tag=v0.6.0#0807628d)
17:10.46    Compiling webrtc-sdp v0.3.13
17:13.70    Compiling origin-trial-token v0.1.1
17:20.43    Compiling unicode-bidi-ffi v0.1.0 (C:\Users\Zachary\Documents\Project\browser-dev\Floorp-Runtime\intl\bidi\rust\unicode-bidi-ffi)
17:20.51    Compiling normalizer_glue v0.1.0 (C:\Users\Zachary\Documents\Project\browser-dev\Floorp-Runtime\js\src\builtin\normalizer_glue)
17:23.82    Compiling remove_dir_all v0.5.3
17:25.16    Compiling chardetng v1.0.0
17:25.79    Compiling xmldecl v0.2.0
17:26.12    Compiling typed-arena-nomut v0.1.0
17:26.35    Compiling rustc-demangle v0.1.21
17:26.45    Compiling data-encoding v2.3.3
17:28.40    Compiling oxilangtag v0.1.3
17:30.36    Compiling oxilangtag-ffi v0.1.0 (C:\Users\Zachary\Documents\Project\browser-dev\Floorp-Runtime\intl\locale\rust\oxilangtag-ffi)
17:30.48    Compiling data-encoding-ffi v0.1.0 (C:\Users\Zachary\Documents\Project\browser-dev\Floorp-Runtime\dom\fs\parent\rust\data-encoding-ffi)
17:30.75    Compiling profiler_helper v0.1.0 (C:\Users\Zachary\Documents\Project\browser-dev\Floorp-Runtime\tools\profiler\rust-helper)
17:31.60    Compiling wpf-gpu-raster v0.1.0 (https://github.com/FirefoxGraphics/wpf-gpu-raster?rev=99979da091fd58fba8477e7fcdf5ec0727102916#99979da0)
17:32.40    Compiling chardetng_c v1.0.0
17:32.67    Compiling encoding_glue v0.1.0 (C:\Users\Zachary\Documents\Project\browser-dev\Floorp-Runtime\intl\encoding_glue)
17:33.37    Compiling jsrust_shared v0.1.0 (C:\Users\Zachary\Documents\Project\browser-dev\Floorp-Runtime\js\src\rust\shared)
17:33.62    Compiling origin-trials-ffi v0.1.0 (C:\Users\Zachary\Documents\Project\browser-dev\Floorp-Runtime\dom\origin-trials\ffi)
17:34.03    Compiling rsdparsa_capi v0.1.0 (C:\Users\Zachary\Documents\Project\browser-dev\Floorp-Runtime\dom\media\webrtc\sdp\rsdparsa_capi)
17:35.99    Compiling urlpattern_glue v0.0.1 (C:\Users\Zachary\Documents\Project\browser-dev\Floorp-Runtime\netwerk\base\urlpattern_glue)
17:36.92    Compiling uritemplate_glue v0.1.0 (C:\Users\Zachary\Documents\Project\browser-dev\Floorp-Runtime\netwerk\base\uritemplate_glue)
17:38.25    Compiling crypto_hash v0.1.0 (C:\Users\Zachary\Documents\Project\browser-dev\Floorp-Runtime\security\manager\ssl\crypto_hash)
17:40.88    Compiling fluent-langneg-ffi v0.1.0 (C:\Users\Zachary\Documents\Project\browser-dev\Floorp-Runtime\intl\locale\rust\fluent-langneg-ffi)
17:41.22    Compiling bookmark_sync v0.1.0 (C:\Users\Zachary\Documents\Project\browser-dev\Floorp-Runtime\toolkit\components\places\bookmark_sync)
17:41.92    Compiling midir_impl v0.1.0 (C:\Users\Zachary\Documents\Project\browser-dev\Floorp-Runtime\dom\midi\midir_impl)
17:42.78    Compiling audioipc2-client v0.6.0 (https://github.com/mozilla/audioipc?rev=c9dcbaee1624daad2fa6b1445fd047efde4f1ec0#c9dcbaee)
17:43.69    Compiling dap_ffi v0.1.0 (C:\Users\Zachary\Documents\Project\browser-dev\Floorp-Runtime\toolkit\components\dap\ffi)
17:48.77    Compiling lockstore_ffi v0.1.0 (C:\Users\Zachary\Documents\Project\browser-dev\Floorp-Runtime\security\lockstore\lockstore_ffi)
17:51.00    Compiling bitsdownload v0.1.0 (C:\Users\Zachary\Documents\Project\browser-dev\Floorp-Runtime\toolkit\components\bitsdownload)
17:54.62    Compiling buildid_reader_ffi v0.1.0 (C:\Users\Zachary\Documents\Project\browser-dev\Floorp-Runtime\toolkit\library\buildid_reader\ffi)
17:55.31    Compiling localization-ffi v0.1.0 (C:\Users\Zachary\Documents\Project\browser-dev\Floorp-Runtime\intl\l10n\rust\localization-ffi)
17:58.52    Compiling jxl_decoder v0.1.0 (C:\Users\Zachary\Documents\Project\browser-dev\Floorp-Runtime\image\rust\jxl)
17:59.09    Compiling mls_gk v0.1.0 (C:\Users\Zachary\Documents\Project\browser-dev\Floorp-Runtime\security\mls\mls_gk)
18:02.16    Compiling cert_storage v0.0.1 (C:\Users\Zachary\Documents\Project\browser-dev\Floorp-Runtime\security\manager\ssl\cert_storage)
18:03.51    Compiling content_classifier_engine v0.0.1 (C:\Users\Zachary\Documents\Project\browser-dev\Floorp-Runtime\toolkit\components\content-classifier\content_classifier_engine)
18:04.56    Compiling mp4parse_capi v0.17.0 (https://github.com/mozilla/mp4parse-rust?rev=b693c7e4a91d1d5a391c0404d18b6fc94714894e#b693c7e4)
18:04.79    Compiling authrs_bridge v0.1.0 (C:\Users\Zachary\Documents\Project\browser-dev\Floorp-Runtime\dom\webauthn\authrs_bridge)
18:06.00    Compiling cose-c v0.1.5
18:06.75    Compiling mdns_service v0.1.1 (C:\Users\Zachary\Documents\Project\browser-dev\Floorp-Runtime\dom\media\webrtc\transport\mdns_service)
18:14.19    Compiling harfbuzz_glue v0.1.0 (C:\Users\Zachary\Documents\Project\browser-dev\Floorp-Runtime\gfx\harfbuzz_glue)
18:14.57    Compiling libz-rs-sys v0.6.3
18:14.72    Compiling cascade_bloom_filter v0.1.0 (C:\Users\Zachary\Documents\Project\browser-dev\Floorp-Runtime\toolkit\components\cascade_bloom_filter)
18:14.82    Compiling mime-guess-ffi v0.1.0 (C:\Users\Zachary\Documents\Project\browser-dev\Floorp-Runtime\dom\fs\parent\rust\mime-guess-ffi)
18:15.36    Compiling mapped_hyph v0.4.3 (https://github.com/jfkthame/mapped_hyph.git?rev=eff105f6ad7ec9b79816cfc1985a28e5340ad14b#eff105f6)
18:15.36    Compiling binary_http v0.1.0 (C:\Users\Zachary\Documents\Project\browser-dev\Floorp-Runtime\netwerk\protocol\http\binary_http)
18:19.24    Compiling audioipc2-server v0.6.0 (https://github.com/mozilla/audioipc?rev=c9dcbaee1624daad2fa6b1445fd047efde4f1ec0#c9dcbaee)
18:21.04    Compiling oblivious_http v0.1.0 (C:\Users\Zachary\Documents\Project\browser-dev\Floorp-Runtime\netwerk\protocol\http\oblivious_http)
18:23.07    Compiling osclientcerts v0.1.4 (C:\Users\Zachary\Documents\Project\browser-dev\Floorp-Runtime\security\manager\ssl\osclientcerts)
18:24.84    Compiling ipcclientcerts v0.1.0 (C:\Users\Zachary\Documents\Project\browser-dev\Floorp-Runtime\security\manager\ssl\ipcclientcerts)
18:30.93    Compiling idna_glue v0.1.0 (C:\Users\Zachary\Documents\Project\browser-dev\Floorp-Runtime\netwerk\base\idna_glue)
18:33.77    Compiling http_sfv v0.1.0 (C:\Users\Zachary\Documents\Project\browser-dev\Floorp-Runtime\netwerk\base\http-sfv)
18:34.20    Compiling app_collator_glue v0.1.0 (C:\Users\Zachary\Documents\Project\browser-dev\Floorp-Runtime\intl\app_collator_glue)
18:34.77    Compiling dom_fragmentdirectives v0.1.0 (C:\Users\Zachary\Documents\Project\browser-dev\Floorp-Runtime\dom\base\fragmentdirectives)
18:36.63    Compiling viaduct-necko v0.1.0 (C:\Users\Zachary\Documents\Project\browser-dev\Floorp-Runtime\services\application-services\components\viaduct-necko)
18:37.10    Compiling widget_windows v0.1.0 (C:\Users\Zachary\Documents\Project\browser-dev\Floorp-Runtime\widget\windows\rust)
18:38.71    Compiling shell_windows v0.1.0 (C:\Users\Zachary\Documents\Project\browser-dev\Floorp-Runtime\browser\components\shell\rust\shell_windows)
18:39.08    Compiling locale_service_glue v0.1.0 (C:\Users\Zachary\Documents\Project\browser-dev\Floorp-Runtime\intl\locale\rust\locale_service_glue)
18:39.62    Compiling ssl_tokens_cache v0.1.0 (C:\Users\Zachary\Documents\Project\browser-dev\Floorp-Runtime\netwerk\base\ssl_tokens_cache)
18:40.50    Compiling gecko_tracing v0.1.0 (C:\Users\Zachary\Documents\Project\browser-dev\Floorp-Runtime\xpcom\rust\gecko_tracing)
18:42.17    Compiling abridged_certs v0.1.0 (C:\Users\Zachary\Documents\Project\browser-dev\Floorp-Runtime\security\manager\ssl\abridged_certs)
18:43.78    Compiling detect_win32k_conflicts v0.1.0 (C:\Users\Zachary\Documents\Project\browser-dev\Floorp-Runtime\toolkit\xre\detect_win32k_conflicts)
18:44.03    Compiling webrender v0.62.0 (C:\Users\Zachary\Documents\Project\browser-dev\Floorp-Runtime\gfx\wr\webrender)
18:44.70    Compiling rure v0.2.2 (C:\Users\Zachary\Documents\Project\browser-dev\Floorp-Runtime\third_party\rust\rure)
18:44.81    Compiling signature_cache v0.1.0 (C:\Users\Zachary\Documents\Project\browser-dev\Floorp-Runtime\security\certverifier\signature_cache)
18:45.05    Compiling processtools v0.1.0 (C:\Users\Zachary\Documents\Project\browser-dev\Floorp-Runtime\toolkit\components\processtools)
18:45.13    Compiling aa-stroke v0.1.0 (https://github.com/FirefoxGraphics/aa-stroke?rev=5776bdfc8ad664a1503db668fab397d818a5f98a#5776bdfc)
18:45.59    Compiling gkrust_utils v0.1.0 (C:\Users\Zachary\Documents\Project\browser-dev\Floorp-Runtime\xpcom\rust\gkrust_utils)
18:45.83    Compiling netwerk_helper v0.0.1 (C:\Users\Zachary\Documents\Project\browser-dev\Floorp-Runtime\netwerk\base\rust-helper)
18:46.69    Compiling gecko_logger v0.1.0 (C:\Users\Zachary\Documents\Project\browser-dev\Floorp-Runtime\xpcom\rust\gecko_logger)
18:46.80    Compiling qcms v0.3.0 (C:\Users\Zachary\Documents\Project\browser-dev\Floorp-Runtime\gfx\qcms)
18:48.03    Compiling geckoservo v0.0.1 (C:\Users\Zachary\Documents\Project\browser-dev\Floorp-Runtime\servo\ports\geckolib)
18:49.60    Compiling moz_asserts v0.1.0 (C:\Users\Zachary\Documents\Project\browser-dev\Floorp-Runtime\mozglue\static\rust\moz_asserts)
18:49.66    Compiling object v0.36.4
18:51.20    Compiling prefs_parser v0.0.1 (C:\Users\Zachary\Documents\Project\browser-dev\Floorp-Runtime\modules\libpref\parser)
18:51.85 W 1 warning generated.
18:53.21 accessible/generic
18:59.50 accessible/html
19:02.56    Compiling mozilla-central-workspace-hack v0.1.0 (C:\Users\Zachary\Documents\Project\browser-dev\Floorp-Runtime\build\workspace-hack)
19:03.86 accessible/ipc
19:08.07 accessible/windows/ia2
19:09.52 accessible/windows/msaa
19:13.06    Compiling glean-core v67.3.2
19:15.22    Compiling interrupt-support v0.1.0 (C:\Users\Zachary\Documents\Project\browser-dev\Floorp-Runtime\third_party\application-services\components\support\interrupt)
19:20.60    Compiling sql-support v0.1.0 (C:\Users\Zachary\Documents\Project\browser-dev\Floorp-Runtime\third_party\application-services\components\support\sql)
19:28.97    Compiling remote_settings v0.1.0 (C:\Users\Zachary\Documents\Project\browser-dev\Floorp-Runtime\third_party\application-services\components\remote_settings)
19:41.55    Compiling glean v67.3.2
19:44.84    Compiling firefox-on-glean v0.1.0 (C:\Users\Zachary\Documents\Project\browser-dev\Floorp-Runtime\toolkit\components\glean\api)
19:47.31    Compiling sync15 v0.1.0 (C:\Users\Zachary\Documents\Project\browser-dev\Floorp-Runtime\third_party\application-services\components\sync15)
19:54.64    Compiling webext-storage v0.1.0 (C:\Users\Zachary\Documents\Project\browser-dev\Floorp-Runtime\third_party\application-services\components\webext-storage)
19:55.39    Compiling logins v0.1.0 (C:\Users\Zachary\Documents\Project\browser-dev\Floorp-Runtime\third_party\application-services\components\logins)
19:56.26    Compiling tabs v0.1.0 (C:\Users\Zachary\Documents\Project\browser-dev\Floorp-Runtime\third_party\application-services\components\tabs)
20:15.00    Compiling suggest v0.1.0 (C:\Users\Zachary\Documents\Project\browser-dev\Floorp-Runtime\third_party\application-services\components\suggest)
20:22.92    Compiling search v0.1.0 (C:\Users\Zachary\Documents\Project\browser-dev\Floorp-Runtime\third_party\application-services\components\search)
20:34.84    Compiling relevancy v0.1.0 (C:\Users\Zachary\Documents\Project\browser-dev\Floorp-Runtime\third_party\application-services\components\relevancy)
20:43.01    Compiling breach-alerts v0.1.0 (C:\Users\Zachary\Documents\Project\browser-dev\Floorp-Runtime\third_party\application-services\components\breach-alerts)
20:54.04 accessible/windows/sdn
21:06.61 accessible/windows/uia
21:12.02 accessible/xpcom
21:24.73 accessible/xul
21:30.25 browser/app/installation_dir_layout
21:47.41 browser/components/about
21:56.56 browser/components/migration
22:02.25    Compiling gkrust-uniffi-components v0.1.0 (C:\Users\Zachary\Documents\Project\browser-dev\Floorp-Runtime\toolkit\components\uniffi-bindgen-gecko-js\components)
22:05.59 browser/components/shell
22:08.12 caps
22:16.01 chrome
22:18.61 config/external/gkcodecs/gkcodecs.dll.def.stub
22:27.31 media/libaom
22:31.67 media/libogg
22:32.97 media/libopus
22:42.35 media/libvorbis
22:42.59    Compiling wr_glyph_rasterizer v0.1.0 (C:\Users\Zachary\Documents\Project\browser-dev\Floorp-Runtime\gfx\wr\wr_glyph_rasterizer)
22:44.40 W 1 warning generated.
22:55.86    Compiling fog_control v0.1.0 (C:\Users\Zachary\Documents\Project\browser-dev\Floorp-Runtime\toolkit\components\glean)
23:02.38    Compiling happy_eyeballs_glue v0.1.0 (C:\Users\Zachary\Documents\Project\browser-dev\Floorp-Runtime\netwerk\protocol\http\happy_eyeballs_glue)
23:04.52    Compiling neqo_glue v0.1.0 (C:\Users\Zachary\Documents\Project\browser-dev\Floorp-Runtime\netwerk\socket\neqo_glue)
23:04.79    Compiling wgpu_bindings v0.1.0 (C:\Users\Zachary\Documents\Project\browser-dev\Floorp-Runtime\gfx\wgpu_bindings)
23:08.77    Compiling data_storage v0.0.1 (C:\Users\Zachary\Documents\Project\browser-dev\Floorp-Runtime\security\manager\ssl\data_storage)
23:11.85 media/libvpx
23:14.04    Compiling gecko-trace v0.1.0 (C:\Users\Zachary\Documents\Project\browser-dev\Floorp-Runtime\toolkit\components\gecko-trace)
23:18.91    Compiling jog v0.1.0 (C:\Users\Zachary\Documents\Project\browser-dev\Floorp-Runtime\toolkit\components\glean\bindings\jog)
23:28.03 config/external/icu/common
23:36.69 config/external/icu/data/icu_data.obj
23:43.70 config/external/icu/i18n
23:45.21 W 1 warning generated.
23:52.84 media/libsoundtouch/src
23:55.50 config/external/rlbox
23:56.24 W 14 warnings generated.
24:01.03 devtools/platform
24:04.05 W In file included from C:\Users\Zachary\Documents\Project\browser-dev\Floorp-Runtime\obj-x86_64-pc-windows-msvc\media\libsoundtouch\src\Unified_cpp_libsoundtouch_src0.cpp:47:
24:04.82 devtools/shared/heapsnapshot
24:05.14 W 1 warning generated.
24:13.06 docshell/base
24:18.35 W 1 warning generated.
24:24.09 docshell/build
24:29.79 W 1 warning generated.
24:45.33 W 1 warning generated.
24:50.12 W 3 warnings generated.
24:52.38 docshell/shistory
24:58.50 dom/abort
25:46.95 dom/animation
25:58.91 W 3 warnings generated.
26:18.93 dom/audiochannel
26:39.02 dom/base/UseCounterMetrics.cpp.stub
26:44.14 dom/battery
26:46.74 dom/bindings
26:52.86 W 2 warnings generated.
26:54.56 dom/broadcastchannel
27:03.92 dom/cache
27:40.58 dom/canvas
28:11.58 W 1 warning generated.
28:14.37 W 2 warnings generated.
28:29.43 dom/clients/api
28:51.21 dom/clients/manager
29:41.99 W 5 warnings generated.
29:53.52 dom/closewatcher
30:04.88 dom/commandhandler
30:05.08 W 1 warning generated.
30:11.73 W 2 warnings generated.
30:14.84 W 1 warning generated.
30:17.21 W 1 warning generated.
30:23.50 W 1 warning generated.
30:56.88 W 7 warnings generated.
31:43.00 dom/compression
31:59.65 W 2 warnings generated.
32:14.16 dom/console
32:24.99 dom/cookiestore
32:33.00 W 2 warnings generated.
32:48.42 dom/credentialmanagement/digital
33:13.24 dom/credentialmanagement/identity
33:51.23 dom/credentialmanagement
34:04.39 dom/crypto
34:14.66 dom/debugger
35:02.45 dom/documentpip
35:08.65 dom/encoding
35:19.41 dom/events
36:14.53 dom/fetch
36:40.16 dom/file/ipc
37:32.43 W 1 warning generated.
37:37.22 W LLVM ERROR: out of memory
37:37.22 W Allocation failed
37:37.24 W PLEASE submit a bug report to https://github.com/llvm/llvm-project/issues/ and include the crash backtrace, preprocessed source, and associated run script.
37:37.24 W Stack dump:
37:37.28 W 0.	Program arguments: C:/PROGRA~1/LLVM/bin/clang-cl.exe -fms-compatibility-version=19.51 -std:c++20 -FoUnifiedBindings20.obj -c -IC:/Users/Zachary/Documents/Project/browser-dev/Floorp-Runtime/obj-x86_64-pc-windows-msvc/dist/stl_wrappers -D_MSVC_STL_HARDENING=1 -guard:cf -DNDEBUG=1 -DTRIMMED=1 -DGOOGLE_PROTOBUF_NO_RTTI -DGOOGLE_PROTOBUF_NO_STATIC_INITIALIZER -DUNICODE -D_UNICODE -D_CRT_RAND_S -DCERT_CHAIN_PARA_HAS_EXTRA_FIELDS -D_SECURE_ATL -DCHROMIUM_BUILD -DU_STATIC_IMPLEMENTATION -DWIN32 -D_WIN32 -D_WINDOWS -DWIN32_LEAN_AND_MEAN -DWINAPI_NO_BUNDLED_LIBRARIES -DMOZ_HAS_MOZGLUE -DMOZILLA_INTERNAL_API -DIMPL_LIBXUL -DMOZ_SUPPORT_LEAKCHECKING -DSTATIC_EXPORTABLE_JS_API -IC:/Users/Zachary/Documents/Project/browser-dev/Floorp-Runtime/dom/bindings -IC:/Users/Zachary/Documents/Project/browser-dev/Floorp-Runtime/obj-x86_64-pc-windows-msvc/dom/bindings -IC:/Users/Zachary/Documents/Project/browser-dev/Floorp-Runtime/obj-x86_64-pc-windows-msvc/dist/include/mozilla/dom -IC:/Users/Zachary/Documents/Project/browser-dev/Floorp-Runtime/dom/base -IC:/Users/Zachary/Documents/Project/browser-dev/Floorp-Runtime/dom/battery -IC:/Users/Zachary/Documents/Project/browser-dev/Floorp-Runtime/dom/canvas -IC:/Users/Zachary/Documents/Project/browser-dev/Floorp-Runtime/dom/geolocation -IC:/Users/Zachary/Documents/Project/browser-dev/Floorp-Runtime/dom/html -IC:/Users/Zachary/Documents/Project/browser-dev/Floorp-Runtime/dom/indexedDB -IC:/Users/Zachary/Documents/Project/browser-dev/Floorp-Runtime/dom/media/webaudio -IC:/Users/Zachary/Documents/Project/browser-dev/Floorp-Runtime/dom/media/webrtc -IC:/Users/Zachary/Documents/Project/browser-dev/Floorp-Runtime/dom/media/webrtc/common/time_profiling -IC:/Users/Zachary/Documents/Project/browser-dev/Floorp-Runtime/dom/media/webrtc/jsapi -IC:/Users/Zachary/Documents/Project/browser-dev/Floorp-Runtime/dom/media/webrtc/libwebrtcglue -IC:/Users/Zachary/Documents/Project/browser-dev/Floorp-Runtime/dom/media/webrtc/transport -IC:/Users/Zachary/Documents/Project/browser-dev/Floorp-Runtime/dom/media/webspeech/recognition -IC:/Users/Zachary/Documents/Project/browser-dev/Floorp-Runtime/dom/svg -IC:/Users/Zachary/Documents/Project/browser-dev/Floorp-Runtime/dom/xml -IC:/Users/Zachary/Documents/Project/browser-dev/Floorp-Runtime/dom/xslt/base -IC:/Users/Zachary/Documents/Project/browser-dev/Floorp-Runtime/dom/xslt/xpath -IC:/Users/Zachary/Documents/Project/browser-dev/Floorp-Runtime/dom/xul -IC:/Users/Zachary/Documents/Project/browser-dev/Floorp-Runtime/js/xpconnect/src -IC:/Users/Zachary/Documents/Project/browser-dev/Floorp-Runtime/js/xpconnect/wrappers -IC:/Users/Zachary/Documents/Project/browser-dev/Floorp-Runtime/layout/generic -IC:/Users/Zachary/Documents/Project/browser-dev/Floorp-Runtime/layout/style -IC:/Users/Zachary/Documents/Project/browser-dev/Floorp-Runtime/layout/xul/tree -IC:/Users/Zachary/Documents/Project/browser-dev/Floorp-Runtime/media/webrtc -IC:/Users/Zachary/Documents/Project/browser-dev/Floorp-Runtime/netwerk/base -IC:/Users/Zachary/Documents/Project/browser-dev/Floorp-Runtime/third_party/abseil-cpp -IC:/Users/Zachary/Documents/Project/browser-dev/Floorp-Runtime/third_party/libwebrtc -IC:/Users/Zachary/Documents/Project/browser-dev/Floorp-Runtime/third_party/msgpack/include -IC:/Users/Zachary/Documents/Project/browser-dev/Floorp-Runtime/obj-x86_64-pc-windows-msvc/ipc/ipdl/_ipdlheaders -IC:/Users/Zachary/Documents/Project/browser-dev/Floorp-Runtime/ipc/chromium/src -IC:/Users/Zachary/Documents/Project/browser-dev/Floorp-Runtime/third_party/abseil-cpp -IC:/Users/Zachary/Documents/Project/browser-dev/Floorp-Runtime/obj-x86_64-pc-windows-msvc/dist/include -IC:/Users/Zachary/Documents/Project/browser-dev/Floorp-Runtime/obj-x86_64-pc-windows-msvc/dist/include/nspr -IC:/Users/Zachary/Documents/Project/browser-dev/Floorp-Runtime/obj-x86_64-pc-windows-msvc/dist/include/nss -MD -DMOZILLA_CLIENT -FI C:/Users/Zachary/Documents/Project/browser-dev/Floorp-Runtime/obj-x86_64-pc-windows-msvc/mozilla-config.h -Zc:sizedDealloc- -Gy -Zc:inline -Gw -D_SILENCE_TR1_NAMESPACE_DEPRECATION_WARNING -TP -GR- -D_HAS_EXCEPTIONS=0 -ffile-reproducible -fdiagnostics-absolute-paths -Z7 -O2 -Oy -W3 -Wbitfield-enum-conversion -Wempty-body -Wformat-type-confusion -Wignored-qualifiers -Wpointer-arith -Wshadow-field-in-constructor-modified -Wsign-compare -Wtautological-constant-in-range-compare -Wtype-limits -Wno-error=tautological-type-limit-compare -Wunreachable-code -Wunreachable-code-return -Wunused-but-set-parameter -Wno-invalid-offsetof -Wclass-varargs -Wempty-init-stmt -Wfloat-overflow-conversion -Wfloat-zero-conversion -Wloop-analysis -Wno-range-loop-analysis -Wno-deprecated-anon-enum-enum-conversion -Wno-deprecated-enum-enum-conversion -Wdeprecated-literal-operator -Winvalid-utf8 -Wcomma -Wimplicit-fallthrough -Wstring-conversion -Wno-inline-new-delete -Wno-error=deprecated-declarations -Wno-error=array-bounds -Wno-error=free-nonheap-object -Wno-error=atomic-alignment -Wno-error=deprecated-builtins -Wno-unknown-pragmas -Wno-ignored-pragmas -Wno-deprecated-declarations -Wno-microsoft-enum-value -Wno-microsoft-include -Wno-invalid-noreturn -Wno-inconsistent-missing-override -Wno-implicit-exception-spec-mismatch -Wno-microsoft-exception-spec -Wno-unused-local-typedef -Wno-ignored-attributes -Wno-used-but-marked-unused -Wno-psabi -Wthread-safety -Wno-error=builtin-macro-redefined -Wno-vla-cxx-extension -Wno-unknown-warning-option -fno-strict-aliasing -Xclang -ffp-contract=off -Xclang -MP -Xclang -dependency-file -Xclang .deps/UnifiedBindings20.obj.pp -Xclang -MT -Xclang UnifiedBindings20.obj UnifiedBindings20.cpp
37:37.29 W 1.	<eof> parser at end of file
37:37.29 W 2.	Code generation
37:37.29 W Exception Code: 0xC000001D
37:37.37 W LLVM ERROR: out of memory
37:37.37 W Allocation failed
37:37.37 W LLVM ERROR: out of memory
37:37.37 W Allocation failed
37:37.38 W LLVM ERROR: out of memory
37:37.38 W Allocation failed
37:37.38 W LLVM ERROR: out of memory
37:37.38 W Allocation failed
37:37.38 W PLEASE submit a bug report to https://github.com/llvm/llvm-project/issues/ and include the crash backtrace, preprocessed source, and associated run script.
37:37.38 W Stack dump:
37:37.38 W 0.	Program arguments: C:/PROGRA~1/LLVM/bin/clang-cl.exe -fms-compatibility-version=19.51 -std:c++20 -FoUnifiedBindings21.obj -c -IC:/Users/ZacPLEASE submit a bug report to https://github.com/llvm/llvm-project/issues/ and include the crash backtrace, preprocessed source, and associated run script.
37:37.38 W Stack dump:
37:37.38 W h0.	ary/Program arguments: Documents/Project/browser-dev/Floorp-Runtime/obj-x86_64-pc-windows-msvc/dist/stl_wrappers -D_MSVC_STL_HARDENING=1 -guard:cf -DNDEBUG=1 -DTRIMMED=1 -DGOOGLE_PROTOBUF_NO_RTTI -DGOOGLE_PROTOBUF_NO_STATIC_IC:/PROGRA~1/NLITIALIZLLVM ERROR: out of memory
37:37.38 W Allocation failed
37:37.38 W ER -DUNICODLVME /-D_UNIbin/CODclE -D_CRTan_RAND_S -DCERT_CHAIN_PARA_HAS_EXTRA_FIgELDS -D_SECURE_ATL -DCHROMIUM_PLEASE submit a bug report to https://github.com/llvm/llvm-project/issues/ and include the crash backtrace, preprocessed source, and associated run script.
37:37.38 W Stack dump:
37:37.38 W 0.	Program arguments: C:/PROGRA~1/-BLLVM/bin/clanPLEASE submit a bug report to https://github.com/llvm/llvm-project/issues/ and include the crash backtrace, preprocessed source, and associated run script.
37:37.38 W g-clStack dump:
37:37.38 W .exe -fms-compatibility-version=19.51 -std:c++20 -FoUnified_cpp_dom_file_ipc0.obj -c -IC:/Users/Zachary/Documents/Project/browserPLEASE submit a bug report to https://github.com/llvm/llvm-project/issues/ and include the crash backtrace, preprocessed source, and associated run script.
37:37.38 W 0.	Program arguments: -dev/FlStack dump:
37:37.39 W Ccoorp-Runtime/obj-x86_64-pc-windows-msvc/dist/stl_wral.exe -fms-compatibility-version=19.51 -stdpUIL:Dcp+ers -D_MSVC_STL_HARDENING=1 -gua+20rd :cf-DU -D0_N.	DEBUProgram arguments: G=1 -DTRIMMED=1 -DUNICODE -D_UNICODE -D_CSTAT:/PROGRA~I1C/LLVCR_IMTPLE_M/bin/clang-cl.exe -fms-compatibiRlMA:ND/PRity-v _E-NeOrTGASsi F-onDoU=nCiETRf1ied9T.5_CH1 -sAItdNI:_cP+A+R20OA_HAN S R-A~F_-1EX/_LTcpDLWIVNopM_3UR/A_dbniFfIEo2 -iiLDemSn/clang-_events1.objcl.exe -f d-c -I Dms-_cpp_dom_eC:v_ec-om/npUD_tsSaWeIN3rsEt2sC/iZa0cbhaiURrE_y/.litobj -c - AITC:/Users/Zachary/Documents-DL/ P-roje_ct/DbrWowseCINr-devDH/Floorp-OROMIRWUuM_BUILD -DU_STATIC_IMPLEMENTATIODS -NDWIy-No3versiocnn=19.51u m-DWe2IN _LEn3A2N-t_ANDime/ob std-j_MED-x:t_WIA8N6_64-pc-s /wProci-nd+DWI+20oNAPjeIct w-sF/obrUoN_32N -nD_WIw-NODiOW_sBer-dfeSmsv/ied_cpp_dom_ v-cUDfWI/N32d_LEiFNDeLAtch1.NEloDoo__rbLjIApNsBt/D_sMtEl_wA -N -RDWr-AIcappRe -ICR:IrNAuPIEsS  _N--D/nUDOMtim_sBee/obj-x86_64-pc-win_MSOdUZo_HAws-VC_Srustc-LLVM ERROR: out of memorymsSr_MTvNODLcs//LE_dDZ_LiIBRst/stlZachary/DocuGAmLRIES_wrappH
37:37.39 W eeA UnrRtsDENE/IN -sP- -DDDMr_MSVC_STojL_HARDOGZEMNOIeNZ=ILLA1_cGHA=St _-guaI1/brN_r TMd-:cgOufarowZsedGL: c-EDr-NRDENfdA LB-UDUEN_ev/DFl EABUGoPGo=1-I=rp -R1u -D -MOZD-DnTRIMMEDTRIDL=It1L A_INTER-IDMiNmAL_API M-DIMUPe/MED=oNbIC1ODE P-D Lj-DUNICODEL_ LI-D_UN_IC_-LUNICODEx -D_CRT_RAND_S -DCERT_CHAIN8_6BPARAX_O6I_B4D-Epc --windDXHAUS_o_wCsELR T-D_-ULXMTRR m-ADOMZ_SUOAsAllocation failed_v
37:37.49 W PNPOD_S -DCFZ_SUPPORT_LEAKCHECKING RITELDS -D_S-EDR_SLTEATEKC_CCUcR/HdE_AAHAECKTistLI/NGs I- DT-tlICNS_D_PTCHRAAEORA_MIUM_THIXACB_PSEORX_POEXTRA_FTIERTABLE_JS_APIU_ wrappIL-DICSL:AB LE_/ers-D  -JUDse_SS-rsD/_ZaUEDA_c_MhaSPTI ArCUSTVy-/DoICC:/cume_UsRIenrs/ts/ESZachary/DocumeP_rojntect/browser-dev/FloorpsA-/PRunrTTL oject/browCs_IMPLEeMEtNimeTL/dom/bindings -IC:/Ur-sDers/Z-d_HARDEeav/FchANINGT=1 -guard:cf -DNDaEryIONBUG Cloorp-Runtime/dom/file/ipc -IC:/Users/Zachary/D/DocumoH=-cuReO1ntmDents/Project/bsWIN/32  rowMsP--Dr_WoDer-deIjIect/vTR/INbUMrMF_3BUMlEIoo2 LD-Dr_WIopwD= s-DerN-1devD-O/U WSF -R_Sl-oDTATICWu_InIoMPNDt3U2iLmrN_ICLEEpAOe-N_RuntMD/objime/AE -D_o-x86_64ND_b-pc-windoUMjws-msvc/dom/file/ipc -IC:/Users/Zachary/DEocNTA-TIENOAuNmen I-DCx86_NW IO6DE4NA-pc-windows-msvc/dom/bindingsPI_NO_BU N-DWIN32 -Dt --_WsD/ProIIN32 jCec-LtE:D/b/rowsUDe_Dr_sL_CRTW_-RIIedABRNNDD_eSrARIEvSs/OFlW S- - DM-OoDo/ZC_EDZWRacIN32_hLaHEArSTrA_pMO-_NCRHA_uZyGLUn/tDAiNmIEeD/d -DMOZINoomcum/_eLfiM_EnPAtLRsA/AANl_ H-DWAIe -ICSP_:EXTR/_rAUosIeNrsTERNj/AN_eAPLZacI_Acth/aPF_rNOybro/D_oIcumeBwUnItse r-dE-esLNDSv/DLED_LIBRARIES -DMODP/F IlMPZor_H-ooLject_LIAB/rXUL -DMOZ_SUPPORT_LEAKCDHb_rowSECKIp-Runtime/objser-dS-x86_64-pc-_MOZGLUE -DMOZILLA_INTERNAL_API -DIMPL_LIBXUL -DMOZ_SUewPPORT_LEAKCHECKING -DSTATIC_EXPORTABLE_JS_API -IC:/Users/Zachary/Documents/Project/browser-iv/dndowsFl-moorp-Runtiesvc/dist/include/mozilla/vm/deom/ Fdlo-ooIrpmC:-/UR/sierpucn t-imIse/ZC/:/dUomsaer/s/Zachary/Documents/Project/browser-dev/FloorecharypvENents -IC:/U-/RunDserts/Zime/xpcom/bocuments/Project/browauildcG  s-e-CDSIhCU:Ra/UsErTrATy-/IDCoceursme/_ZEaXPORTABLE_dev/A_chTnFtLl Jsaor/yPo/rS-_ApDocumenrts/-PRrojeoPDujeIn tcit/me/bdr-cIC:/oUsewotm/s/ebrCbrrass-d/ev/ZeaoHwscFleoRorOh-d era-IMpryCI-RUuntiMv:/Dmeo//_/Flooorbpj--RUx86un_c64tumsBimUeerns/ZtacharyI-/pcDoc-LsD /-DewU/obj-xumen_PSinrodj8t6T_AT6e4IowC_I-cpMcPs-twsind//L-oEMEmbsPwrsvcr/NodTjoecot-m/wmsAsv/beerTvoerntscw/siIpO-e -Nc/rip- devdl-//FD_ilpddlheaoWodreIIpCN:-3rRes -2v//Iu FC-nDlU_Wo:/toiIrpmse-ersURu/N3/2 serns/dtZoZamciha/b-mDe_a/dom/WevaIcertteryhy/a Documents/PnrN-oDjeItC:/Us O-WSIC :/Users/Zachary/Docu-sDecWrmrtes/by/rIon/NtZw32seraDchocs-_deLEAN_Aa/PryroNvj/ecFutDme/_MEnt/lDocusAN mberowsnotos/rp/-RuPr-nProoject/broeject/wDWINtbrAiosPI_NeO_wr-drs-eevBrU/FlNm-deoD/orp-LdEeD_LIv/ReBvi/pFc/chromuntime/obj-x86_Rium/sFAloo6R4r-pc-crp-lwindRI ooEo-rws-msvc/IdC:/Sup-onti memU/obj-x86_64-pc-wind/s-oReventsDers/ -wIs-msCZ:acha/vc/ipMc/irOyZ_pudlU/ntsHiA/meD_Sipdler/s/Zdomo_haceM/caOZdGuhmLeUEraes -nrctas/PyI/nrDvas -IC:/Users/ZachaoCje r:-ocyD/cMuD/mteUO/brnstos/owser-dev/Floorp-Pcrers/Zacharyu/DocmentsuRuntime/o/ProtZhjieILLcjt/A_IeNcbrTt/browser-dev/Floorp-RuntERmiNmAeeLnt_ro/d_partwAosP/bsIPyroject/bj -x86_6/abseil-cpp -IC:/4--pcU-wiDsIernder-dev/MrPoL_LwsIBs-msvc/ipc/ipdl/_ipdlheadeowser-dev/FloFloorp-Ruontim/rp-eXr/ZRuntimachsU eLd /i--DMoIma/OpZ_SgeoloCcry/Documents/Projc/Uchre:caPtiPtonO /-RoICmbiro/:UuT_wsL/sUeEAmr-sdKeCreevr/ss//ZacHhaECFZac/srcK lhINoarry-y/o/GDIrocpC-DRuo:nu/U mecsunemttsi-me/DeSorbjn-TA/tsP/xr8ojsProT/I6ZCject_/_EXPO6braowseeRTABcLErcht/broaw4ser--ddee-pc-r_yJ/SDwovcu/Flvm/Fi_elnnAdPoooorop-Rurtps/n-tRIPwroi -sI-Cjm:e/eUse/uncrtimp/c/cbhrromitime/dom/html -IC:/Users/umZachary/Documents/Project/browser-dev/Fl/ss/Zowsvaceor-dev/Fl/soroccdharirstyp/-DR o/incuoncur-lICude -IC:/Users/Zachary/Documents/Project/browsert-deime/t:ments/h/ird_Upvparty//aPsersrFlb-oseil-cpp -IC:/Users/Zaoorp/Rchary/Documents/P-Rroject/browser-dev/Floorp-Runtime/docshell/base -IC:/Users/Zacjuhary/Documents/ProjecenZtuacncime/dttitme//om/hibrow/nodebbroxjse-er-dev/Fx86_64-pc-windows-msvc/dist/ilncoludorp-Runtime/dom/basware ye/senspr -IC:/Us-ders/DB -IC:/Users/Za/rch-dary/DocueZmenacDvoctumenI/htarysC/:/UF/sPelDocuments/Project/browser-dev/Floorp-Runtime/obs/jrPs/Za-x8c6h_arroyj/64ro-pejDect/brococcot/u-obwrp-Rurmoewsnser-ntetimesd//rewPi-dendvr/Fvo/dFloolooororpmjp-wect/browser-dev/Floorp-Runtime/dom/html -IC:/Users/ZacharyRu/ntimDoes-/cu-mendmtos/msvProjeR/c/femtted/cih -ICbuntirca//wdme/oebiawser-dev/Floorp-Rsut/include/nss -MD -DMnOZILtime/dom/storage -ICu:tLd:hi/ird_U/serAo -Is/Zachary/Documents/Project/broparw_ty/absCCs:/er-deULIENTUv/Floorese rs/Zachar-yp-Runtim/siDoeF/edom/xmllc-cpp -IC:/Users/Zachary/Documents/Prumenr -IC:/Users/Zachary/Documents/Prooject/bts/PrrIooject/bsject/browser-dev/Floorp-Runtime/dom/xulwrowser-dev/Floors -IC:/Users/Zachary/Dopcuments/Project/browser-dev/Floorp-Runtime/js/xpconnect/wrappers -IC:/Users/Zachary/Documents/Project/browserer-- -Rdev/Floorp-Runtime/layout/foCdev/Floorums:/ -UnIC:/Users/Zachary/Documents/Project/browser-dev/Floorp-Run/rtime/layout/generic -IC:pst/Users/Zachary/Documents/Proje-eRunitcit/bmrero/dowser-dZacesv/cmsFhe/dom/media/webrtc -IC:/Users/Zachary/Documents/Project/brh/Zellaarl/basye -IC:/Users/Zacowser-dev/Floorp-Runtime/dom/media/oorcwebrtc/common/time_profiling -IC:/Users/Zachary/Documents/Project/browser-dev/Floorp-Runtime/dom/media/webrtc/jsapi -IC:/Users/Zachary/Documents/Project/browserhp-Ruary/Documents/Project/browser-dev/Floorp-Runtime/obj-x86_64-pc--dev/Floorp-Runwntitiimndomee/w/slayout-dms/oxuvm/clm e-Id/Cm:/oizaUisl/ewebrtlrc/a-conhsar/lfibig.Zacy/Documents/Project/browser-dev/Floorp-Runtime/dom/base -IC:/Users/whaeh -Zc:rbyrtcg/sDilouczeedumD ee-naZllactIsC:/Users/o/PZacr-oc j-echGta/byr yr-owsZ/c:inl/Dineer-dev/Floorp-Runtime/layout/xuDl/tree -IC:/Users/Zachary/Documents/Project/browser-dev/Floorp-Runtime/obj-x86o c-uGw _hary/Docm-oD6cume4um_n-ts/PpcrSeIL-wients/Project/brntojeonctsE//wbsNdPerC-devo/EFlwoo_rps-RTun-time/dromR/mroows1e_jeNctAmMEdia/webrtcsvSeP/cAb/transport -IC:/Users/Zachary/Documents/PrCE_D/drisoEjePRECAtT/include -IC:/Users/Zachary/Documents/Project/browser-dev/Floorp-Runtime/obj-x86_6IcO4t-pN/_brWcA-windows-msvc/dist/include/nspRNING -TP -GR- -D_HAS_EXCEPTIONS=0 -ffileowser-dev/Floorp-Runtime/dom/med-ia/webrre producible -fdiagnostics-absolute-paths -Z7 -O2 -Oy -W3 -Wbitf-dev/Floorp-Runtime/dom/sriephtmlo -ICl:d-e/-num-coUsenvwrersion -Wempty-body -WeIefs/Zosrmer-at-type-confusion -accharyCdWehvi/g:renored-qualifiersc/o -Wpointer-arith -Wshadow-field-in-construc//gUFsterosr-n/mZodified -Wsign-comloorDpaaroce up-cWt-iamhtuartioyl/Dooegnotn s-IC/Riuncti:al-Pme//ocbcrjUonostausnetj-iecnmt/browserren-s-trxs8//Proj6Z-ad_env6/ecaFcloohar4rgp-Runtime/dom-t/py//Docucstoramge e-nebwtrs/Pi-coor-IC:ndows-/msvc/domwpom/fjUareseestceh -IcrtsCe//b :/-ZrUowsaWctser-dev/Fyplheoo-r-rp-Runters/Zachadaevirl/Floorp-Runtime/ory/Documents/Project/browser-dev/Floorp-Runtimiy/Dme/dom/svg -ICb:moj-/eiUsexcr/s/Zachary/Documents/u8m6_64tds --WnePpnor-oject/browser-dev/Floorp-Runtime/dom/xml -IC:/Users/ots/Prm/base -IC:/Users/oc-windows-msvc/dist/include/nsject/browser-dese -MD vZacr/FloorZp-Ruantime/dom/xml -cIC:/Use-hhrs/ZarDarcayrhyMoaO/ZDoILLrrAc=t_yCau/Documents/PrLImutEoNloeo/ntgDT iscal-tyj/Pp-ecFroIctu/meeb- liCnmit:t/srU-sersoo/wP/sZaerr-dcojjeceov/Fcloohecrmtaptrpy//Docab-roRw/brsuenutier-dev/mrenm Fte/-Wunreachadoom/xwbssllo/ereul ---ProjeocorIdcdeevC:p-R/ t/uF-ntimloorebrWp/n-Ruunotimwest/wernUeserrer-sk/ed/eZa/docahacmr/xslt/bvah/yablbe-cFase /lDoooos-cudmee-IC:ree tu/Urns-neICtrsr:p-//Za c-UsRunheasry/rDot/iPWumne/ocs/Zacharruojments/Probj-xjectyeuc8t6//bDocuments/Project/browser-dev_64-pc-windows-msvc/mozilla-config.h -/Zbrowser-dev/Floorp-Runtim/eFl/jsoorrp-Runtime/s/ed-but-set-parameter -Wno-invalid-ofcd:omsf/xslt/xpath -IC:/Users/Zachary/Documents/Project/browser-dev/Floorp-RuntosietomxizedDeae/dom/xul -fIC:/Us ers/Zachary/Dow-cumenser-devts/Project/browser-dev/Floorp-Runtime/js/xpconnect/srcWclass-varargs -Wempty-il -Iloc-/F lC-Gy:ni/Users/Zachary/Documents/Project/browser-dev/Floorp-Runtime/js/xpconnect/wrappers -IC:/Users/Zachary/Documents/Project/browser-dev/Floorp-Runtime/layout/generic -IC:/tUsers/Zachary/Documents/Project/browser-dev/Floorp-Runtime/layout/s t-yp-Zleco -oICorpnsctmt:/ -:UneRctu/snew-Wftliime/nrso/arlZnta-aoivcneeh aerrtp-perwfey/lsr kGDwoo/w-- -cpIoCDnr:cvuments/Project/_eobroSr/IULENsCEwsietr-do_oTRevn1s/eFloorp-Runtime/l_ayrs/N o-WAZMEafulchary/toaScPACE_/txulD-E/tDozPRoErleCee/rdo A-atITC:ca -/cuonIv-UON_sImWC:/UeAResrereNINsGrsns ts//Z-aiPornocTha/jZrPe  cta-c/hbyro/GaR-wWDlorser-o coypu--/mDocdeenvt/D_Hs/PFA-Sulrooamrep_-noajnRtEeucsX/Project/browser-CEPTIldyev/snFtltooiisOrNSp/=b0m -ffe/il aylr-oowut/foes--Rer-deurnWvr/neprodumtsimeF/ c-mibloeI-rloe o-fddaiCagnosrnp:-Rui/a/wUebrnsgteetrsi/Zai-mtc -lcesI-aoc/hnaop-aebsrontawC:/Uleuyt/rk/plDyse-irossocpum eteantho-tWno-drsse pre/Zcs-acact/ed-Phary/Documents/Project/browser-dZ7 -O2 -Oy -W3 -Wbitfield-enum-conversion -Wempty-body -Wformat-type-confusion -Wignored-qrevaounono/-laFjectl/oorp-Rleui/nubntime/netwerk/base -IC:/Users/Zachary/Documents/Project/browser-dev/Floorp-Runtime/third_party/abseil-cpp -IC:/Users/Zachary/Docummfiers -e-nteWspointer-arith -Wshadow-field-in/Project/browser-dev/Floorp-Runtime/third_party/libwebrtc -IC:/Users/Zachary/Documents/Project/browser-dev/Floorp-Runti-ncumoe/thmn-stcionrurvd_erpcstoria-rtomno -ydi/Wmnfsigpack/include -IC:/Users/Zachary/o-deprecated-enum-enum-conversionDocuments/Project/browser-dev/Floorp-Runtime/obj-x86_64-pc-windo -Wdeprecated-literawesd l--operator -Winvalid-utf8 -Wcomma -Wimplicit-fallthrough -Wstring-con-vmsersion -Wno-irvWhnline-new-delete -Wno-error=deprecated-declarations -Wno-ectsrror=array-bounds -Wno-eotwrsrp o/ipr=free-nonheapeic-gobj/ect n--Wni-pIcoo-Cremrror=atomdicl-pa/lig_anreime npt d-Wl-hnoWeaders -IC:/Users/taut-Zeaolrcrogoha-irr=dcead:p/rUseelcated--yb/Documents/Projeuccitoltinn/sst -brWsnoaro-unewnk/Zva/cstnhareor-d-eFwlin-pynrvoa/Docogmas --W/rangFloorp-Runtime/ipc/chromrueipum-Rum-enctns/oomp-ignored-pragmas -Wno-depre/asrrc -ecaIted-ntimeC/P:dreol/ayc Uselr-ojecWtayrus/Zaatt/ct/gpheary-brioneon/wsleDros -Wno-mci-idev/uecriFcl -IC:/Usermrentmsiotos /Zs/oP-rrojpecasot-Ru/ntiWfmtc-ehnbruno-error=tautologm-value -Wno-microsoft-include -Wnoaoiwsec-aireyl/Doc/unobjrva--mxl-8ei6dne_tvd-6t4/ypeFn-pol-c-wiolorspr/Projeetnudo-cRtr/iuntimewnbsrowserm/ith t---dev/FlirdcooWorp-mmsvcn-o_-inR/pcunoiaprnet imsci-Wunreesac//plipaytoheaudtl/ab/lxnre_-ictuol -ICp:/ytd-missde /i-ngWunreachable-l-ovcUoesersrda/bsher-reiZeatceaddersu rn -ei -Wno-implicit-Wehx-ICulnc-cpaeury/p:sDe/pd-but-set-pat ra-imeonIter -Wno-invalid-offsetCof --W:clsas/s-pvaUraergss c-eWempty-init-stmt -Wfloat-overflow-conversionrs/Zac -Wfloat-zero-conversion -Wh-loop-maarnialysys/ism D-atWnocco-range-loop-analysis -Wno-deprecated-anon-enum-enum-conversion -Wno-deprecated-enum-enum-conversion -Wdeprecated-literal-operator -Winvalid-utf8 -Wcomma -Wimplicit-fallthrough -Wstrinhug -conversion -Wno-inline-new-delete -Wno-error=deprecated-declarations -Wno-error=array-bounds -Wno-error=free-nonheap-object -Wno-Wno-mm-Uerroioeccsrneruots/Prs=atomftoeno-jertexsm/Psc/Ztc/rica-aeption-spec -Wnolo-jecibgrct/brohwseauryr-denvmen/Floorp-Runtimeon//Dloacuut -Wno-error=demwpyreentsout/xul/tree -IC:/cateds-builtins -Wsendo--unelrkUonoc/-swPerdne-vprrsoj/ect/browser-dev/Floorp-Runtime/ipc/chromium/src -IC:/Users/Zachary/Documents/Project/brows/Faagmas -Wno-ignored-pragmas -Wno-deprecated-declarations -Wno-microsoft-enum-valulle-ty opo-Wno-microsoft-include -Wno-invalid-noreturn -Wno-inconsistent-missing-override -Wno-implicit-exception-spec-mismatchedef -Wno-ignored-attributes -Wno-used-but-r marked-unused -Wno-psabi -Wthr-Wno-microsoft-exception-spec -Wno-unused-local-typedef -Wno-ignored-attributes p-Wno-used-but-marked-unused -Wno-psabi -Wthread-safety -Wno-error=builtin-macro-redefined -Wno-vla-cxx-extension -Wno-unknown-warning-option -fno-strict-aliasing -Xclang -ffp-contract=off -Xclang -MP -Xclang -dependency-fi-Runtleeai dm-e/objsZ--aXaclxfaety 8ng -6W_no-error=builtin-m6a.edecp4s/-Unphifiaeryrccd-rwio_ncdpopw_dom-/Doc_revedumsene--tfis/emPdnsrojednve v/Fc/-tWsdist/include -IC:/Users/Zachary/Docn0o-.uobvjla.mpenp- c-xxX-ectslxta/Pension -Wno-unknorng -MT -Xclang Unified_cpp_dowem_evectnl/browser-dev/Floorp-Runtime/obj-x86_64-pc-windows-msvc/dist/ntoject/browser-dev/Floorp-Runtime/obj-x86_64-pc-windows-msvc/dist/include/nspr -IC:/Users/Zachary/Documents/Project/browser-dev/Floor-s0.obwpj-Runtime/obj-x86_64 ar-Upnic-ningfi-weoiptd_cpp_dom_events0.cpndows-msvc/dist/include/nss -MDpi
37:37.50 W 1.	on -fno-strict-aliasing -Xclang  <eof> parser at end of file
37:37.50 W -DMOZ2-.	ffp-contract=oILLA_CLIENT -FI C:/Users/Zachary/Documents/Project/browser-dev/Floorp-Runtime/obj-x86_64-pc-windows-msvc/mozilla-config.h -Zc:sizedDff -Xclang -MP -XclanCode generation
37:37.50 W g -dependencyException Code: 0xC000001De-fia
37:37.50 W lloc- -Gy -Zc:inline -Gw -D_SILENCE_TR1_NAMESPACE_DEPRECATION_Wle -Xclang .deps/Unified_cpp_dom_file_ipc0.obj.pp -Xclang -MT -Xclang Unified_cpp_dom_file_ipc0.obj Unified_cpp_dom_file_ipc0.cpp
37:37.50 W 1.	ARNING -TP -GR- -D_HAS_EXCEPTIONS=0 -ffile-reproducible -fdiagnostics-aC:/Users/Zachary/Documents/Project/browser-dev/Floorp-Runtime/obj-x86_64-pc-windows-msvc/dist/include\mozilla/ProfilerMarkers.h:373:53: current parser token ';'
37:37.50 W 2.	C:/Users/Zachary/Documents/Project/browser-dev/Floorp-Runtime/obj-x86_64-pc-windows-msvc/dist/include\mozilla/ProfilerMarkers.h:355:1: bsolutparsing struct/union/class body 'AutoProfilerUntypedMarker'
37:37.50 W 3.	C:/Users/Zachary/Documents/Project/browser-dev/Floorp-Runtime/obj-x86_64-pc-windows-msvc/dist/include\mozilla/ProfilerMarkers.h:371:32: parsing function body 'AutoProfilerUntypedMarker::~AutoProfilerUntypedMarker'
37:37.50 W 4.	C:/Users/Zachary/Documents/Project/browser-dev/Floorp-Runtime/obj-x86_64-pc-windows-msvc/dist/include\mozilla/ProfilerMarkers.h:371:32: in compound statement ('{}')
37:37.50 W 5.	C:/Users/Zachary/Documents/Project/browser-dev/Floorp-Runtime/obj-x86_64-pc-windows-msvc/dist/include\mozilla/ProfilerMarkers.h:372:44: in compound statement ('{}')
37:37.50 W Exception Code: 0xC000001D
37:37.51 W e-paths -Z7 -O2 -Oy -W3 -Wbitfield-enum-conversion -Wempty-body -Wformat-type-confusion -Wignored-qualifiers -Wpointer-arith -Wshadow-field-in-construinclude -IC:/Users/Zachary/Documents/Project/browser-dev/Floorp-Runtime/obj-x86_64c-pc-witndows-msvc/dist/include/nspr -IC:/Users/Zachary/Documents/Project/browser-dev/Floorp-Runtime/obj-x86_64-pc-windows-msvc/dist/include/nss -MD -DMOZILLA_CLIENT -FI C:/Useroorp-Runtime/this/Zachary/Documents/Project/browser-dev/Floorp-Runtime/obj-x86_64-pc-windows-msvc/mozilla-config.h -Zc:sizedDealloc- -Gy -Zc:inline -Gw ro-D_SILENCE_TR1_NAMESPACE_DEPRECATILLVM ERROR: out of memory
37:37.51 W Allocation failed
37:37.51 W r-modified -Wsign-compare -Wtautological-constant-in-range-compare -Wtype-limits -Wno-error=tautological-type-limit-compare -Wunreachable-code -Wunreachable-code-return -Wunused-but-set-parameter -Wno-invalid-offsetof -Wclass-vad_party/abseil-cpp -IC:/Users/Zachary/DPLEASE submit a bug report to https://github.com/llvm/llvm-project/issues/ and include the crash backtrace, preprocessed source, and associated run script.
37:37.51 W Stack dump:
37:37.52 W ocuments/Project/browser-dev/Floorp-Runtime/obj-x86_640-.	OProgram arguments: N_WARNING -TP -GR- -D_HAS_EXCEPTIONSraC:/PROGRA~1/LLV=rgs -Wempty-init-stmt -Wfloat-oveMrflow-conversion -Wfloat/bin/clang-cl.exe -fms-compatibility-version=19.51 -std:c++20 -FoUnified_cpp_dom_events2.obj -c -IC:/Users/Zachary/Documents/Project/brows0 -ffile-reproduer-dev/Floorp-Runtime/obj-x86_64-pc-wi-zero-conversion -Wloop-analysis -Wno-range-loop-analysis -Wno-deprecated-anon-enum-enum-conversion -Wno-deprecated-enum-ecnum-conversion -Wdipc-weprecated-literal-operator -Winvalid-utf8 -Wcomma -Wimplicit-fallthrough -Wstring-conversion -Wno-inline-new-delete -Wno-error=deprecated-declarations -Wno-error=array-bounds -Wno-error=free-nonheap-object -Wno-error=atomic-alignment -Wno-error=deprecated-builtins -Wno-unknown-pragmas -Wno-ignored-pragmas -Wno-deprecated-declarations -Wno-microsoft-enum-value -Wno-microsoft-include -Wno-invalid-noreturn -Wno-inconsistent-missing-override -Wno-implicit-exception-spec-mismatch -Wno-microsoft-exception-spec -Wno-unused-local-typedef -Wno-ignored-attributes -Wno-used-but-marked-unused -Wno-psabi -Wthread-safety -Wno-error=builtin-macro-redefined -Wno-vla-cxx-extension -Wno-unknown-warning-option -fno-strict-aliasing -Xclang -ffp-contract=off -Xclang -MP -Xclang -dependency-file -Xclang .deps/UnifiedBindings21.obj.pp -Xclang -MT -Xclang UnifiedBindings21.obj UnifiedBindings21.cpp
37:37.52 W 1.	C:/Users/Zachary/Documents/Project/browser-dev/Floorp-Runtime/obj-x86_64-pc-windows-msvc/dist/include\mozilla/dom/UnionTypes.h:2064:5: current parser token 'Uninit'
37:37.52 W 2.	C:/Users/Zachary/Documents/Project/browser-dev/Floorp-Runtime/obj-x86_64-pc-windows-msvc/dist/include\mozilla/dom/UnionTypes.h:53:1: parsing namespace 'mozilla'
37:37.52 W 3.	C:/Users/Zachary/Documents/Project/browser-dev/Floorp-Runtime/obj-x86_64-pc-windows-msvc/dist/include\mozilla/dom/UnionTypes.h:1966:1: parsing struct/union/class body 'mozilla::dom::DoubleOrUSVString'
37:37.52 W 4.	C:/Users/Zachary/Documents/Project/browser-dev/Floorp-Runtime/obj-x86_64-pc-windows-msvc/dist/include\mozilla/dom/UnionTypes.h:2060:3: parsing function body 'mozilla::dom::DoubleOrUSVString::SetAsUSVString'
37:37.52 W 5.	C:/Users/Zachary/Documents/Project/browser-dev/Floorp-Runtime/obj-x86_64-pc-windows-msvc/dist/include\mozilla/dom/UnionTypes.h:2060:3: in compound statement ('{}')
37:37.52 W iException Code: 0xC000001D
37:37.54 W ble -fdiagnostics-absolute-pathndondows-msvc/dist/stl_wrappersws-msvc/dist/include -ICs -D -_:ZMSVC7 _-O2 -OS/TLUy_sHARDe -W3 -Wbitfield-enum-conversion -Wempty-body -Wformat-type-confusion -Wignored-qualifiers -Wpointer-arith -Wshadow-field-in-constructor-modified -Wsign-compare -WtauENING=1 tologicars/Zachary/Documents/Project/browser-dev/Floorp-Runtime/obj-x86_64-pc-windows-msvc/dist/include/nspr -IC:/Users/Zachary/Documents/P-guard:cf -DNDEBUG=1 -DTRIMMED=1 -DUNICODE -D_UNICODE -D_CRT_RAND_S -DCERT_CHAIN_PARA_HAS_EXTRA_FIELDS -D_SECURE_ATL -DCHROMIUM_BUILD -DU_STATIC_IMPLEMENTATION -DWIN32 -D_WIN32 -D_WINDOWS -DWIN32_LEAN_AND_MEAN -DWINAPI_NO_BUNDLED_LIBRARIES -DMOZl-constant-in-range-compare -Wtype-limits -Wno-error=tautological-type-limit-compare -Wunreachable-code -Wunroject/browser-dev/_reacHFloorp-Runtime/obj-x86_64-pc-windows-msvc/dAS_MOZGLUE -DMOZILhiablst/LA_INeinclude/nss -MD -DMOZILLA-Tco_CERde-return -Wunused-but-set-parameter -Wno-iNnLIENT Avalid-ofL-fFIseto_API  f -WC:-/DIMUcslass-varaePrsL_LIBXUL -DMOZ_SUPPORT_LEAKCHECKIN/ZrgsGa -c h-DaWreSTATIC_EXPORTABLE_JS_API -IC:/Users/Zmypty-i/anchiaDocryum/t-stmt -WfloaeDocnts/Protum-jeoverflow-nts/Project/browser-dev/Floorp-Runtime/dom/events -IC:/Users/Zachary/Documents/Project/browscect/browseor-nvedr-eved/eFv/Flrloorp-oorpRus-iRuntonnt i-mWfloat-zero-conversion -Wloop-analysisie/meo bj--/obx8j6_64-pW-c-x86_64-pwinco--wrnainndgeodw-loop-aos-msnvc/alysis -wsW-no-mmsozvilcd/elpraec-dcoam/oentfed-aivenng.hon-enumts -IC:/Use- er-Zns/Zaum-cchary:sizedDeallo/cc-Doocumentnver ssion- Gy -Z-Wn/c:Poroji-denliprectec/bnaretowser-dev/Floorp-Runtime/obj-x86_64-pc-windows-msvc/ipc/ipdl/_ipdlheaders -IC:/Users/Zachary/Documents/Project/browser-deed-enum-enum -vcon-veGw -D/rs_FSILENCE_TR1_NAMloion E-Wdeorp-RuntpSrecated-literal-operator -Winvalid-utf8 -Wcomma -Wimplicit-fallthrough -Wstring-conversion -Wno-inline-new-delete -Wno-error=deprecated-declarations -Wno-error=array-bounds -Wno-error=free-nonheap-object -WiPme/ipc/chromium/src -IC:/Users/Zachary/Documents/Project/browser-dev/Floorp-Runtime/third_party/abseil-cpp -IC:/Users/Zachary/Documents/Project/browser-dev/Floorp-Runtime/docshell/base -IC:/Users/Zachary/Documents/Project/browser-dev/Floorp-Runtime/dom/base -IC:/Users/Zachary/Documents/Project/browser-dev/Floorp-Runtime/dom/html -IC:/Users/Zachary/Documents/Project/browser-dev/Floorp-Runtime/dom/storage -IC:/Users/Zachary/Documents/Project/browser-dev/Floorp-Runtime/dom/xml -IC:/Users/Zachary/Documents/Project/browser-dev/Floorp-Runtime/dom/xul -IC:/Users/Zachary/Documents/Project/browser-dev/Floorp-Runtime/js/xpconnect/wrappers -IC:/Users/Zachary/Documents/Project/browser-dev/Floorp-Runtime/layout/forms -IC:/Users/Zachary/Documents/Project/browser-dev/Floorp-Runtime/layout/generic -IC:/Users/Zachary/Documno-eents/Project/browser-dev/Floorp-Runtime/layout/xul -IC:/Users/ZacAharyC/Documernts/Project/browser-dev/Floorp-Runtime/layout/xul/tree -IC:/Users/ZacErhary/Documents/Project/browser-dev/Floorp-Runtime/obj-x86_64-pc-windows-msvc/d_DEoist/rPinclude -IC:/Users/Zachary/Documents/Project/browser-dev/Floorp-Runtime=atom/icR-objaE-x8Cl6_64-pc-windows-msvc/dist/include/nspr -IC:/Users/Zachary/Documents/Project/browser-dev/Floorp-Runtime/obj-x86_64-pc-windows-msvc/dist/include/nss -MD -DMOZILLA_CLIENT -FI C:/Users/ZachATarigy/DocumeION_WARNInntmNeG nst-TP -GR- -W/Project/brow -D_HAS_EXCEPTIONS=0 -ffile-reproducible -fdiagnostics-absolute-paths -Z7 -O2 -Oy -W3 -nsWbitfield-enum-conversion -Wempty-body -Wformat-type-confusione o--Wr-dev/Floorpignor-Runtimeed-qualifiers -Wpointer-arithe/rror=dep obj-x-Ws8recated-builti6h_64adow-field-i-pc-windows-mn-construnscvc/tomr-modified -Wsign-compare -Wtautologicasozl-coinstant-in-range-compare -Wtype-limits -Wno-error=tautological-type-limit-compare l la-config.h -Zc:sizedDealloc- -Gy -Zc:inline -Gw -D_SILENCE_TR1_NAMESPACE_DEPRECATION_WARNING -TP -GR- -D_HAS_EXCEPTIONS=0 -ffile-reproducible -fdiagnostics-absolute-paths -Z7 -O2 -Oy -W3 -Wbitfield-enum-conversion -Wempty-body -Wformat-type-confusion -Wignored-qualifiers -Wpointer-arith -Wshadow-field-in-constructor-modified -Wsign-compare -Wtautological-constant-in-range-compare -Wtype-limits -Wno-error=tautological-type-limit-compare -Wunreachable-code -Wunreachable-code-return -Wunused-but-set-parameter -Wno-invalid-offsetof -Wclass-varargs -Wempty-init-stmt -Wfloat-overflow-conversion -Wfloat-ze-Wno-unknown-pragmas -Wno-ig-Wunreachable-code -Wunreachable-code-return -Wunused-but-set-parameter -Wno-invalid-offsetof -Wclass-varargs -Wempty-init-stmt -Wfloat-overflow-conversion -Wfloat-zero-conversion -Wloop-analysis -Wno-range-loop-analysinrs -Wno-deprecated-anon-enum-enum-conversion -Wno-deprecated-enum-enum-conversion -Wdeprecated-literal-operator -Wioored-nv-cparaglomindversion -Wloop-analysis -Wno--utf8 -Wcomma -Wimplicit-fallthrough -Wstring-conversion -Wno-inline-new-delete -Wno-error=deprecated-declarations -Wno-error=array-bounds -Wno-error=free-nonheap-object -Wno-error=atomic-alignment -Wno-error=deprecated-builtins -Wno-unknown-pragmas -Wno-ignored-pragmas -Wno-deprecated-declarations -Wno-microsoft-enum-value -Wno-microsoft-include -Wno-invalid-noreturn -Wno-inconsistent-missing-override -Wno-implicit-exception-spec-mismatch -Wno-microsoft-exception-spec -Wno-unused-local-typedef -Wno-ignored-attributes -Wno-used-but-marked-unused -Wno-psabi -Wthread-safety -Wnrange-loop-analysis -Wno-deprecateao-erds-ano -Wno-deprenror=b-enum-enum-cuiltcated-declarationsin-macr onve-Wno-microsoft-enum-vo-redefined ra-luWno-vla-cxx-extension -Wno-unknown-warning-option -fno-strict-aliasing -Xclang -ffp-contract=off -Xclang -MP -Xclang -dependency-file -Xclang .deps/Unified_cpp_dom_fetch1.obj.pp -Xclang -MT -Xclerustc-LLVM ERROR: out of memorys
37:37.56 W ion -Wno-deprecated -Wno-mi-enum-enum-conversion -Wdeprecated-crosAllocation failed
37:37.56 W ang Unified_cpp_dom_fetch1.obj Unified_cpp_dom_fetch1.cpp
37:37.56 W 1.	C:/Users/Zachary/Documents/Project/browser-dev/Floorp-Runtime/obj-x86_64-pc-windows-msvc/dist/include\mozilla/TaskDispatcher.h:56:50: current parser token ';'
37:37.57 W 2.	lioft-include teral-operator -Winvalid-utf8 -Wcomma -Wimplicit-fallthrough -Wstring-conversion -Wno-inline-new-delete -Wno-error=deprecated-declarations -Wno-error=array-bounds -Wno-error=free-nonheap-object -Wno-error=atomic-alignment -Wno-error=deprecated-builtins -Wno-unknown-pragmas -Wno-ignored-pragmas -Wno-deprecated-declarations -Wno-microsoft-enum-value -Wno-microsoft-include -Wno-invalid-noreturn -Wno-inconsistent-missing-override -Wno-implicit-exception-spec-mismatch -Wno-microsoft-exception-spec -Wno-unused-local-typedef -Wno-ignored-attributes -Wno-used-but-marked-unused -Wno-psabi -Wthread-safety -Wno-error=builtin-macro-redefined -Wno-vla-cxx-extension -WC:/Users/Zachary/Documents/Project/browser-dev/Floorp-Runtime/obj-x86_64-pc-windows-msvc/dist/include\mozilla/TaskDispatcher.hno-Wno-invali:20:1d-u: -nornkenotparsing namespace 'mozilla'
37:37.57 W 3.	C:/Users/Zachary/Documents/Project/browser-dev/Floorp-Runtime/obj-x86_64-pc-windows-msvc/dist/include\mozilla/TaskDispatcher.hwn-warnu:i22rn -Wno-inconsistent-missing-override:ng- -Wno-implicit-exception-spec-mismatch -Wno-microsoft-exception-spec -Wno-unused-lo1option -fno-strict-a: parsing struct/union/class bodyl 'mozilla::SimpleTaskQueue'
37:37.57 W 4.	iC:/Users/Zachary/Documents/Project/browser-dev/Floorp-Runtime/obj-x86_64-pc-windows-msvc/dist/include\mozilla/ipc/IPCForwards.h:12:7: instantiating class definition 'mozilla::Maybe<std::queue<nsCOMPtr<nsIRunnable>>>'
37:37.57 W 5.	C:/Users/Zachary/Documents/Project/browser-dev/Floorp-Runtime/obj-x86_64-pc-windows-msvc/dist/include\mozilla/MaybeStorageBase.h:17:16: instantiating variable definition 'mozilla::detail::IsTriviallyDestructibleAndCopyable<std::queue<nsCOMPtr<nsIRunnable>>>'
37:37.57 W 6.	C:/PROGRA~1/MICROS~1/18/COMMUN~1/VC/Tools/MSVC/1451~1.362/include\type_traits:1011:51asican: gl-typedef -Wno-ignored-attributes -Wno-used-but-marked-unused -Wno-psabi -Wthread-safety -Wno-error=builtin-macro-redefined -Wno-vla-cxx instantiating variable definition-extension -Wno-unknown-warning-option -fno-strict-alia- 'sing -Xclang -fXstdcl::fp-contract=off -Xclang -MaP -Xis_trivially_destructible_vn<g -ffstd::queue<nsCOMPtr<nsIRunnable>>clang -dependency-f>'
37:37.57 W ilp-coe -Xclang .deps/Unified_cpp_dom_events1.obj.pp -Xclang -MT -Xclang Unified_cpp_dom_events1.obj Unified_cpp_dom_events1.cpp
37:37.57 W 1.	<eof> parser at end of file
37:37.57 W 2n.	7tracC:/Users/Zachary/Documents/Project/browser-dev/Floorp-Runtime/obj-x86_64-pc-windows-msvc/dist/include\mozilla/RefPtr.h:178:14: .	tinstantiating function definition 'RefPtr<mozilla::dom::CSSTransition>::operator='
37:37.57 W 3.	C:/Users/Zachary/Documents/Project/browser-dev/Floorp-Runtime/obj-x86_64-pc-windows-msvc/dist/include\mozilla/RefPtr.h:63:8: instantiating function definition 'RefPtr<mozilla::dom::CSSTransition>::assign_assuming_AddRef'
37:37.58 W 4.	C:/Users/Zachary/Documents/Project/browser-dev/Floorp-Runtime/obj-x86_64-pc-windows-msvc/dist/include\mozilla/RefPtr.h:63:8: LLVM IR generation of declaration '=off -Xclang -MP -Xclang -depenRefPtrdency-file< -Xclamozilla::dom::CSSTransition>::ng .deps/Unified_cpp_dC:/PROGRA~1/MICROS~1/18/COMMUN~1/VC/Tools/MSVC/1451~1.362/include\queueassign_assuming_AddRefo:35:7m'
37:37.58 W _e: instantiating class definition 'Exception Code: 0xC000001D
37:37.58 W std::queue<vnsCOMPtr<nsIRunnable>>'
37:37.58 W ents2.8obj.pp .	-Xclang -MT -Xclang Unified_cpp_dom_events2.obj Unified_cpp_dom_eventsC:/PROGRA~1/MICROS~1/18/COMMUN~1/VC/Tools/MSVC/1451~1.362/include\deque:600:7: 2.cinstantiating class definition 'std::dequepp
37:37.58 W <1.	nsCOMPtr<nsIRunnable>>'
37:37.58 W C:/Users/Zachary/Documents/Project/browser-dev/Floorp-Runtime/obj-x86_64-pc-windows-msvc/dist/include\mozilla/dom/AnimationEffectBinding.h:660:80Exception Code: 0xC000001D
37:37.58 W : current parser token ';'
37:37.58 W 2.	C:/Users/Zachary/Documents/Project/browser-dev/Floorp-Runtime/obj-x86_64-pc-windows-msvc/dist/include\mozilla/dom/AnimationEffectBinding.h:37:1: parsing namespace 'mozilla'
37:37.58 W 3.	C:/Users/Zachary/Documents/Project/browser-dev/Floorp-Runtime/obj-x86_64-pc-windows-msvc/dist/include\mozilla/dom/AnimationEffectBinding.h:39:1: parsing namespace 'mozilla::dom'
37:37.58 W 4.	C:/Users/Zachary/Documents/Project/browser-dev/Floorp-Runtime/obj-x86_64-pc-windows-msvc/dist/include\mozilla/dom/AnimationEffectBinding.h:658:1: parsing struct/union/class body 'mozilla::dom::ComputedEffectTiming'
37:37.58 W 5.	C:/Users/Zachary/Documents/Project/browser-dev/Floorp-Runtime/obj-x86_64-pc-windows-msvc/dist/include\mozilla/dom/FeaturePolicy.h:60:7: instantiating class definition 'mozilla::dom::Optional<mozilla::dom::OwningDoubleOrCSSNumericValue>'
37:37.58 W 6.	C:/Users/Zachary/Documents/Project/browser-dev/Floorp-Runtime/obj-x86_64-pc-windows-msvc/dist/include\mozilla/dom/BindingDeclarations.h:149:7: instantiating class definition 'mozilla::dom::Optional_base<mozilla::dom::OwningDoubleOrCSSNumericValue, mozilla::dom::OwningDoubleOrCSSNumericValue>'
37:37.58 W 7.	C:/Users/Zachary/Documents/Project/browser-dev/Floorp-Runtime/obj-x86_64-pc-windows-msvc/dist/include\mozilla/Maybe.h:367:21: instantiating class definition 'mozilla::Maybe<mozilla::dom::OwningDoubleOrCSSNumericValue>'
37:37.59 W Exception Code: 0xC000001D
37:37.66 W LLVM ERROR: out of memory
37:37.66 W Allocation failed
37:37.66 W PLEASE submit a bug report to https://github.com/llvm/llvm-project/issues/ and include the crash backtrace, preprocessed source, and associated run script.
37:37.66 W Stack dump:
37:37.68 W 0.	Program arguments: C:/PROGRA~1/LLVM/bin/clang-cl.exe -fms-compatibility-version=19.51 -std:c++20 -FoUnified_cpp_dom_fetch0.obj -c -IC:/Users/Zachary/Documents/Project/browser-dev/Floorp-Runtime/obj-x86_64-pc-windows-msvc/dist/stl_wrappers -D_MSVC_STL_HARDENING=1 -guard:cf -DNDEBUG=1 -DTRIMMED=1 -DUNICODE -D_UNICODE -D_CRT_RAND_S -DCERT_CHAIN_PARA_HAS_EXTRA_FIELDS -D_SECURE_ATL -DCHROMIUM_BUILD -DU_STATIC_IMPLEMENTATION -DWIN32 -D_WIN32 -D_WINDOWS -DWIN32_LEAN_AND_MEAN -DWINAPI_NO_BUNDLED_LIBRARIES -DMOZ_HAS_MOZGLUE -DMOZILLA_INTERNAL_API -DIMPL_LIBXUL -DMOZ_SUPPORT_LEAKCHECKING -DSTATIC_EXPORTABLE_JS_API -IC:/Users/Zachary/Documents/Project/browser-dev/Floorp-Runtime/dom/fetch -IC:/Users/Zachary/Documents/Project/browser-dev/Floorp-Runtime/obj-x86_64-pc-windows-msvc/dom/fetch -IC:/Users/Zachary/Documents/Project/browser-dev/Floorp-Runtime/dom/base -IC:/Users/Zachary/Documents/Project/browser-dev/Floorp-Runtime/netwerk/base -IC:/Users/Zachary/Documents/Project/browser-dev/Floorp-Runtime/netwerk/protocol/data -IC:/Users/Zachary/Documents/Project/browser-dev/Floorp-Runtime/netwerk/protocol/http -IC:/Users/Zachary/Documents/Project/browser-dev/Floorp-Runtime/obj-x86_64-pc-windows-msvc/ipc/ipdl/_ipdlheaders -IC:/Users/Zachary/Documents/Project/browser-dev/Floorp-Runtime/ipc/chromium/src -IC:/Users/Zachary/Documents/Project/browser-dev/Floorp-Runtime/third_party/abseil-cpp -IC:/Users/Zachary/Documents/Project/browser-dev/Floorp-Runtime/obj-x86_64-pc-windows-msvc/dist/include -IC:/Users/Zachary/Documents/Project/browser-dev/Floorp-Runtime/obj-x86_64-pc-windows-msvc/dist/include/nspr -IC:/Users/Zachary/Documents/Project/browser-dev/Floorp-Runtime/obj-x86_64-pc-windows-msvc/dist/include/nss -MD -DMOZILLA_CLIENT -FI C:/Users/Zachary/Documents/Project/browser-dev/Floorp-Runtime/obj-x86_64-pc-windows-msvc/mozilla-config.h -Zc:sizedDealloc- -Gy -Zc:inline -Gw -D_SILENCE_TR1_NAMESPACE_DEPRECATION_WARNING -TP -GR- -D_HAS_EXCEPTIONS=0 -ffile-reproducible -fdiagnostics-absolute-paths -Z7 -O2 -Oy -W3 -Wbitfield-enum-conversion -Wempty-body -Wformat-type-confusion -Wignored-qualifiers -Wpointer-arith -Wshadow-field-in-constructor-modified -Wsign-compare -Wtautological-constant-in-range-compare -Wtype-limits -Wno-error=tautological-type-limit-compare -Wunreachable-code -Wunreachable-code-return -Wunused-but-set-parameter -Wno-invalid-offsetof -Wclass-varargs -Wempty-init-stmt -Wfloat-overflow-conversion -Wfloat-zero-conversion -Wloop-analysis -Wno-range-loop-analysis -Wno-deprecated-anon-enum-enum-conversion -Wno-deprecated-enum-enum-conversion -Wdeprecated-literal-operator -Winvalid-utf8 -Wcomma -Wimplicit-fallthrough -Wstring-conversion -Wno-inline-new-delete -Wno-error=deprecated-declarations -Wno-error=array-bounds -Wno-error=free-nonheap-object -Wno-error=atomic-alignment -Wno-error=deprecated-builtins -Wno-unknown-pragmas -Wno-ignored-pragmas -Wno-deprecated-declarations -Wno-microsoft-enum-value -Wno-microsoft-include -Wno-invalid-noreturn -Wno-inconsistent-missing-override -Wno-implicit-exception-spec-mismatch -Wno-microsoft-exception-spec -Wno-unused-local-typedef -Wno-ignored-attributes -Wno-used-but-marked-unused -Wno-psabi -Wthread-safety -Wno-error=builtin-macro-redefined -Wno-vla-cxx-extension -Wno-unknown-warning-option -fno-strict-aliasing -Xclang -ffp-contract=off -Xclang -MP -Xclang -dependency-file -Xclang .deps/Unified_cpp_dom_fetch0.obj.pp -Xclang -MT -Xclang Unified_cpp_dom_fetch0.obj Unified_cpp_dom_fetch0.cpp
37:37.68 W 1.	C:/Users/Zachary/Documents/Project/browser-dev/Floorp-Runtime/obj-x86_64-pc-windows-msvc/dist/include\mozilla/dom/PromiseBinding.h:15:1: current parser token 'namespace'
37:37.68 W 2.	.\../../../dom/fetch/FetchService.cpp:34:11: LLVM IR generation of declaration 'mozilla'
37:37.68 W 3.	.\../../../dom/fetch/FetchService.cpp:82:28: Generating code for declaration 'mozilla::dom::FetchServicePromises::ResolveResponseTimingPromise'
37:37.68 W 4.	.\../../../dom/fetch/FetchService.cpp:84:23: LLVM IR generation of compound statement ('{}')
37:37.68 W 5.	C:/Users/Zachary/Documents/Project/browser-dev/Floorp-Runtime/obj-x86_64-pc-windows-msvc/dist/include\mozilla/MozPromise.h:1366:8: Mangling declaration 'mozilla::MozPromise<mozilla::dom::ResponseTiming, mozilla::CopyableErrorResult, true>::Private::Resolve'
37:37.68 W Exception Code: 0xC000001D
37:39.00 E error: could not compile `webrender` (lib)
37:39.00 E Caused by:
37:39.01 E   process didn't exit successfully: `C:/Users/Zachary/.rustup/toolchains/stable-x86_64-pc-windows-msvc/bin/rustc.exe --crate-name webrender --edition=2018 gfx\wr\webrender\src\lib.rs --error-format=json --json=diagnostic-rendered-ansi,artifacts,future-incompat --crate-type lib --emit=dep-info,metadata,link -C opt-level=2 -C panic=abort -C embed-bitcode=no --cfg "feature=\"capture\"" --cfg "feature=\"firefox-on-glean\"" --cfg "feature=\"gecko\"" --cfg "feature=\"glean\"" --cfg "feature=\"ron\"" --cfg "feature=\"serde\"" --cfg "feature=\"serialize_program\"" --cfg "feature=\"sw_compositor\"" --cfg "feature=\"swgl\"" --check-cfg cfg(docsrs,test) --check-cfg "cfg(feature, values(\"base64\", \"capture\", \"debugger\", \"default\", \"display_list_stats\", \"dynamic_freetype\", \"firefox-on-glean\", \"gecko\", \"glean\", \"http-body-util\", \"hyper\", \"hyper-util\", \"leak_checks\", \"libloading\", \"png\", \"profiler\", \"replay\", \"ron\", \"serde\", \"serde_json\", \"serialize_program\", \"sha1\", \"static_freetype\", \"sw_compositor\", \"swgl\", \"tokio\", \"url\"))" -C metadata=510b9e479368b3ba -C extra-filename=-10f2b364be94b06f --out-dir C:/Users/Zachary/Documents/Project/browser-dev/Floorp-Runtime/obj-x86_64-pc-windows-msvc\x86_64-pc-windows-msvc\release\deps --target x86_64-pc-windows-msvc -C linker=C:/Users/Zachary/Documents/Project/browser-dev/Floorp-Runtime/build/cargo-linker.bat -C strip=debuginfo -L dependency=C:/Users/Zachary/Documents/Project/browser-dev/Floorp-Runtime/obj-x86_64-pc-windows-msvc\x86_64-pc-windows-msvc\release\deps -L dependency=C:/Users/Zachary/Documents/Project/browser-dev/Floorp-Runtime/obj-x86_64-pc-windows-msvc\release\deps --extern allocator_api2=C:/Users/Zachary/Documents/Project/browser-dev/Floorp-Runtime/obj-x86_64-pc-windows-msvc\x86_64-pc-windows-msvc\release\deps\liballocator_api2-16eaf8f8a552dfd8.rmeta --extern bincode=C:/Users/Zachary/Documents/Project/browser-dev/Floorp-Runtime/obj-x86_64-pc-windows-msvc\x86_64-pc-windows-msvc\release\deps\libbincode-f33c6f3b61014148.rmeta --extern bitflags=C:/Users/Zachary/Documents/Project/browser-dev/Floorp-Runtime/obj-x86_64-pc-windows-msvc\x86_64-pc-windows-msvc\release\deps\libbitflags-73b845484a4c70c4.rmeta --extern byteorder=C:/Users/Zachary/Documents/Project/browser-dev/Floorp-Runtime/obj-x86_64-pc-windows-msvc\x86_64-pc-windows-msvc\release\deps\libbyteorder-252e6faaeaea7ca5.rmeta --extern derive_more=C:/Users/Zachary/Documents/Project/browser-dev/Floorp-Runtime/obj-x86_64-pc-windows-msvc\x86_64-pc-windows-msvc\release\deps\libderive_more-020d0250fa11d436.rmeta --extern etagere=C:/Users/Zachary/Documents/Project/browser-dev/Floorp-Runtime/obj-x86_64-pc-windows-msvc\x86_64-pc-windows-msvc\release\deps\libetagere-121d4d28af5e352e.rmeta --extern euclid=C:/Users/Zachary/Documents/Project/browser-dev/Floorp-Runtime/obj-x86_64-pc-windows-msvc\x86_64-pc-windows-msvc\release\deps\libeuclid-46cc1f36e540e53c.rmeta --extern firefox_on_glean=C:/Users/Zachary/Documents/Project/browser-dev/Floorp-Runtime/obj-x86_64-pc-windows-msvc\x86_64-pc-windows-msvc\release\deps\libfirefox_on_glean-cd05567ef4d75c8b.rmeta --extern gleam=C:/Users/Zachary/Documents/Project/browser-dev/Floorp-Runtime/obj-x86_64-pc-windows-msvc\x86_64-pc-windows-msvc\release\deps\libgleam-c2bfea5d5d0610b6.rmeta --extern glean=C:/Users/Zachary/Documents/Project/browser-dev/Floorp-Runtime/obj-x86_64-pc-windows-msvc\x86_64-pc-windows-msvc\release\deps\libglean-0dc9b34594728057.rmeta --extern lazy_static=C:/Users/Zachary/Documents/Project/browser-dev/Floorp-Runtime/obj-x86_64-pc-windows-msvc\x86_64-pc-windows-msvc\release\deps\liblazy_static-75f8fcc37cda43c1.rmeta --extern log=C:/Users/Zachary/Documents/Project/browser-dev/Floorp-Runtime/obj-x86_64-pc-windows-msvc\x86_64-pc-windows-msvc\release\deps\liblog-a0ca507f957bfaa6.rmeta --extern malloc_size_of_derive=C:/Users/Zachary/Documents/Project/browser-dev/Floorp-Runtime/obj-x86_64-pc-windows-msvc\release\deps\malloc_size_of_derive-4a43ca0cde648e3d.dll --extern num_traits=C:/Users/Zachary/Documents/Project/browser-dev/Floorp-Runtime/obj-x86_64-pc-windows-msvc\x86_64-pc-windows-msvc\release\deps\libnum_traits-81c1a82bb90e44db.rmeta --extern peek_poke=C:/Users/Zachary/Documents/Project/browser-dev/Floorp-Runtime/obj-x86_64-pc-windows-msvc\x86_64-pc-windows-msvc\release\deps\libpeek_poke-e3928762b32e514f.rmeta --extern plane_split=C:/Users/Zachary/Documents/Project/browser-dev/Floorp-Runtime/obj-x86_64-pc-windows-msvc\x86_64-pc-windows-msvc\release\deps\libplane_split-4b56639d727e0d9f.rmeta --extern rayon=C:/Users/Zachary/Documents/Project/browser-dev/Floorp-Runtime/obj-x86_64-pc-windows-msvc\x86_64-pc-windows-msvc\release\deps\librayon-9ffeb4964ec3ac83.rmeta --extern ron=C:/Users/Zachary/Documents/Project/browser-dev/Floorp-Runtime/obj-x86_64-pc-windows-msvc\x86_64-pc-windows-msvc\release\deps\libron-10c19712d5885045.rmeta --extern rustc_hash=C:/Users/Zachary/Documents/Project/browser-dev/Floorp-Runtime/obj-x86_64-pc-windows-msvc\x86_64-pc-windows-msvc\release\deps\librustc_hash-be98e35e08e9b567.rmeta --extern serde=C:/Users/Zachary/Documents/Project/browser-dev/Floorp-Runtime/obj-x86_64-pc-windows-msvc\x86_64-pc-windows-msvc\release\deps\libserde-495c670556423772.rmeta --extern smallvec=C:/Users/Zachary/Documents/Project/browser-dev/Floorp-Runtime/obj-x86_64-pc-windows-msvc\x86_64-pc-windows-msvc\release\deps\libsmallvec-8bb2d36bc67cab40.rmeta --extern svg_fmt=C:/Users/Zachary/Documents/Project/browser-dev/Floorp-Runtime/obj-x86_64-pc-windows-msvc\x86_64-pc-windows-msvc\release\deps\libsvg_fmt-adb4de9ba6d06322.rmeta --extern swgl=C:/Users/Zachary/Documents/Project/browser-dev/Floorp-Runtime/obj-x86_64-pc-windows-msvc\x86_64-pc-windows-msvc\release\deps\libswgl-28957de6137cd234.rmeta --extern topological_sort=C:/Users/Zachary/Documents/Project/browser-dev/Floorp-Runtime/obj-x86_64-pc-windows-msvc\x86_64-pc-windows-msvc\release\deps\libtopological_sort-55c3eba38a6f37c3.rmeta --extern tracy_rs=C:/Users/Zachary/Documents/Project/browser-dev/Floorp-Runtime/obj-x86_64-pc-windows-msvc\x86_64-pc-windows-msvc\release\deps\libtracy_rs-489ef0a20efd062d.rmeta --extern api=C:/Users/Zachary/Documents/Project/browser-dev/Floorp-Runtime/obj-x86_64-pc-windows-msvc\x86_64-pc-windows-msvc\release\deps\libwebrender_api-98dab7f45565b028.rmeta --extern webrender_build=C:/Users/Zachary/Documents/Project/browser-dev/Floorp-Runtime/obj-x86_64-pc-windows-msvc\x86_64-pc-windows-msvc\release\deps\libwebrender_build-f68833e1753ab00d.rmeta --extern glyph_rasterizer=C:/Users/Zachary/Documents/Project/browser-dev/Floorp-Runtime/obj-x86_64-pc-windows-msvc\x86_64-pc-windows-msvc\release\deps\libwr_glyph_rasterizer-7daf5a10a137b67a.rmeta --extern malloc_size_of=C:/Users/Zachary/Documents/Project/browser-dev/Floorp-Runtime/obj-x86_64-pc-windows-msvc\x86_64-pc-windows-msvc\release\deps\libwr_malloc_size_of-c7b94934e630488f.rmeta --extern zeitstempel=C:/Users/Zachary/Documents/Project/browser-dev/Floorp-Runtime/obj-x86_64-pc-windows-msvc\x86_64-pc-windows-msvc\release\deps\libzeitstempel-5a8712e7edc88cc4.rmeta -C debuginfo=2 -C control-flow-guard=yes --cap-lints warn -Cembed-bitcode=yes -C codegen-units=1 -L native=C:/Users/Zachary/Documents/Project/browser-dev/Floorp-Runtime/obj-x86_64-pc-windows-msvc\x86_64-pc-windows-msvc\release\build\whatsys-f81f3fc7f4b4885e\out -L native=C:/Users/Zachary/Documents/Project/browser-dev/Floorp-Runtime/obj-x86_64-pc-windows-msvc\x86_64-pc-windows-msvc\release\build\swgl-edf7354f96af42c2\out -L "native=C:\Program Files\Microsoft Visual Studio\18\Community\VC\Tools\MSVC\14.51.36231\atlmfc\lib\x64" -L "native=C:\Program Files\Microsoft Visual Studio\18\Community\VC\Tools\MSVC\14.51.36231\atlmfc\lib\x64"` (exit code: 0xc0000409, STATUS_STACK_BUFFER_OVERRUN)
37:39.01 W warning: build failed, waiting for other jobs to finish...
37:39.02 E error: could not compile `style` (lib)
37:39.02 E Caused by:
37:39.03 E   process didn't exit successfully: `C:/Users/Zachary/.rustup/toolchains/stable-x86_64-pc-windows-msvc/bin/rustc.exe --crate-name style --edition=2021 servo\components\style\lib.rs --error-format=json --json=diagnostic-rendered-ansi,artifacts,future-incompat --crate-type lib --emit=dep-info,metadata,link -C opt-level=2 -C panic=abort -C embed-bitcode=no --cfg "feature=\"bindgen\"" --cfg "feature=\"gecko\"" --cfg "feature=\"mozbuild\"" --cfg "feature=\"nsstring\"" --cfg "feature=\"regex\"" --cfg "feature=\"serde\"" --cfg "feature=\"toml\"" --check-cfg cfg(docsrs,test) --check-cfg "cfg(feature, values(\"bindgen\", \"encoding_rs\", \"gecko\", \"gecko_debug\", \"gecko_refcount_logging\", \"mozbuild\", \"nsstring\", \"regex\", \"serde\", \"servo\", \"servo_config\", \"string_cache\", \"stylo_atoms\", \"toml\", \"url\", \"web_atoms\"))" -C metadata=e2f538f959490e84 -C extra-filename=-6fa2e577aa5f8494 --out-dir C:/Users/Zachary/Documents/Project/browser-dev/Floorp-Runtime/obj-x86_64-pc-windows-msvc\x86_64-pc-windows-msvc\release\deps --target x86_64-pc-windows-msvc -C linker=C:/Users/Zachary/Documents/Project/browser-dev/Floorp-Runtime/build/cargo-linker.bat -C strip=debuginfo -L dependency=C:/Users/Zachary/Documents/Project/browser-dev/Floorp-Runtime/obj-x86_64-pc-windows-msvc\x86_64-pc-windows-msvc\release\deps -L dependency=C:/Users/Zachary/Documents/Project/browser-dev/Floorp-Runtime/obj-x86_64-pc-windows-msvc\release\deps --extern app_units=C:/Users/Zachary/Documents/Project/browser-dev/Floorp-Runtime/obj-x86_64-pc-windows-msvc\x86_64-pc-windows-msvc\release\deps\libapp_units-570180e30038a86c.rmeta --extern arrayvec=C:/Users/Zachary/Documents/Project/browser-dev/Floorp-Runtime/obj-x86_64-pc-windows-msvc\x86_64-pc-windows-msvc\release\deps\libarrayvec-64e4d8216d8e7932.rmeta --extern atomic_refcell=C:/Users/Zachary/Documents/Project/browser-dev/Floorp-Runtime/obj-x86_64-pc-windows-msvc\x86_64-pc-windows-msvc\release\deps\libatomic_refcell-9ec6d1fcbee6c865.rmeta --extern bitflags=C:/Users/Zachary/Documents/Project/browser-dev/Floorp-Runtime/obj-x86_64-pc-windows-msvc\x86_64-pc-windows-msvc\release\deps\libbitflags-73b845484a4c70c4.rmeta --extern byteorder=C:/Users/Zachary/Documents/Project/browser-dev/Floorp-Runtime/obj-x86_64-pc-windows-msvc\x86_64-pc-windows-msvc\release\deps\libbyteorder-252e6faaeaea7ca5.rmeta --extern cssparser=C:/Users/Zachary/Documents/Project/browser-dev/Floorp-Runtime/obj-x86_64-pc-windows-msvc\x86_64-pc-windows-msvc\release\deps\libcssparser-7a12376b7d166d32.rmeta --extern derive_more=C:/Users/Zachary/Documents/Project/browser-dev/Floorp-Runtime/obj-x86_64-pc-windows-msvc\x86_64-pc-windows-msvc\release\deps\libderive_more-020d0250fa11d436.rmeta --extern dom=C:/Users/Zachary/Documents/Project/browser-dev/Floorp-Runtime/obj-x86_64-pc-windows-msvc\x86_64-pc-windows-msvc\release\deps\libdom-2ac8e634f8618bef.rmeta --extern euclid=C:/Users/Zachary/Documents/Project/browser-dev/Floorp-Runtime/obj-x86_64-pc-windows-msvc\x86_64-pc-windows-msvc\release\deps\libeuclid-46cc1f36e540e53c.rmeta --extern gecko_profiler=C:/Users/Zachary/Documents/Project/browser-dev/Floorp-Runtime/obj-x86_64-pc-windows-msvc\x86_64-pc-windows-msvc\release\deps\libgecko_profiler-a2e4b9aeb4e1a32c.rmeta --extern icu_segmenter=C:/Users/Zachary/Documents/Project/browser-dev/Floorp-Runtime/obj-x86_64-pc-windows-msvc\x86_64-pc-windows-msvc\release\deps\libicu_segmenter-7d69f56f7bc1c9f2.rmeta --extern indexmap=C:/Users/Zachary/Documents/Project/browser-dev/Floorp-Runtime/obj-x86_64-pc-windows-msvc\x86_64-pc-windows-msvc\release\deps\libindexmap-d16c3c8222dd4603.rmeta --extern itertools=C:/Users/Zachary/Documents/Project/browser-dev/Floorp-Runtime/obj-x86_64-pc-windows-msvc\x86_64-pc-windows-msvc\release\deps\libitertools-98a591f4d4aeebc3.rmeta --extern itoa=C:/Users/Zachary/Documents/Project/browser-dev/Floorp-Runtime/obj-x86_64-pc-windows-msvc\x86_64-pc-windows-msvc\release\deps\libitoa-751994b8bf15363b.rmeta --extern log=C:/Users/Zachary/Documents/Project/browser-dev/Floorp-Runtime/obj-x86_64-pc-windows-msvc\x86_64-pc-windows-msvc\release\deps\liblog-a0ca507f957bfaa6.rmeta --extern malloc_size_of=C:/Users/Zachary/Documents/Project/browser-dev/Floorp-Runtime/obj-x86_64-pc-windows-msvc\x86_64-pc-windows-msvc\release\deps\libmalloc_size_of-83f3a52aeb70168d.rmeta --extern malloc_size_of_derive=C:/Users/Zachary/Documents/Project/browser-dev/Floorp-Runtime/obj-x86_64-pc-windows-msvc\release\deps\malloc_size_of_derive-4a43ca0cde648e3d.dll --extern debug_unreachable=C:/Users/Zachary/Documents/Project/browser-dev/Floorp-Runtime/obj-x86_64-pc-windows-msvc\x86_64-pc-windows-msvc\release\deps\libdebug_unreachable-74ba56a0f64b9f00.rmeta --extern nsstring=C:/Users/Zachary/Documents/Project/browser-dev/Floorp-Runtime/obj-x86_64-pc-windows-msvc\x86_64-pc-windows-msvc\release\deps\libnsstring-2def73b68d39c20d.rmeta --extern num_derive=C:/Users/Zachary/Documents/Project/browser-dev/Floorp-Runtime/obj-x86_64-pc-windows-msvc\release\deps\num_derive-94caf57fbebd38b1.dll --extern num_integer=C:/Users/Zachary/Documents/Project/browser-dev/Floorp-Runtime/obj-x86_64-pc-windows-msvc\x86_64-pc-windows-msvc\release\deps\libnum_integer-d13c88aea14256d5.rmeta --extern num_traits=C:/Users/Zachary/Documents/Project/browser-dev/Floorp-Runtime/obj-x86_64-pc-windows-msvc\x86_64-pc-windows-msvc\release\deps\libnum_traits-81c1a82bb90e44db.rmeta --extern num_cpus=C:/Users/Zachary/Documents/Project/browser-dev/Floorp-Runtime/obj-x86_64-pc-windows-msvc\x86_64-pc-windows-msvc\release\deps\libnum_cpus-fde08391dee90f15.rmeta --extern parking_lot=C:/Users/Zachary/Documents/Project/browser-dev/Floorp-Runtime/obj-x86_64-pc-windows-msvc\x86_64-pc-windows-msvc\release\deps\libparking_lot-b55d8fe90a2aee63.rmeta --extern precomputed_hash=C:/Users/Zachary/Documents/Project/browser-dev/Floorp-Runtime/obj-x86_64-pc-windows-msvc\x86_64-pc-windows-msvc\release\deps\libprecomputed_hash-aa0940cbdb057834.rmeta --extern rayon=C:/Users/Zachary/Documents/Project/browser-dev/Floorp-Runtime/obj-x86_64-pc-windows-msvc\x86_64-pc-windows-msvc\release\deps\librayon-9ffeb4964ec3ac83.rmeta --extern rayon_core=C:/Users/Zachary/Documents/Project/browser-dev/Floorp-Runtime/obj-x86_64-pc-windows-msvc\x86_64-pc-windows-msvc\release\deps\librayon_core-f93224c2ac3d6caa.rmeta --extern rustc_hash=C:/Users/Zachary/Documents/Project/browser-dev/Floorp-Runtime/obj-x86_64-pc-windows-msvc\x86_64-pc-windows-msvc\release\deps\librustc_hash-be98e35e08e9b567.rmeta --extern selectors=C:/Users/Zachary/Documents/Project/browser-dev/Floorp-Runtime/obj-x86_64-pc-windows-msvc\x86_64-pc-windows-msvc\release\deps\libselectors-560d1fb6cf47e6c2.rmeta --extern serde=C:/Users/Zachary/Documents/Project/browser-dev/Floorp-Runtime/obj-x86_64-pc-windows-msvc\x86_64-pc-windows-msvc\release\deps\libserde-495c670556423772.rmeta --extern servo_arc=C:/Users/Zachary/Documents/Project/browser-dev/Floorp-Runtime/obj-x86_64-pc-windows-msvc\x86_64-pc-windows-msvc\release\deps\libservo_arc-7e81a2d7f21d4710.rmeta --extern smallbitvec=C:/Users/Zachary/Documents/Project/browser-dev/Floorp-Runtime/obj-x86_64-pc-windows-msvc\x86_64-pc-windows-msvc\release\deps\libsmallbitvec-c12a5a42a6831137.rmeta --extern smallvec=C:/Users/Zachary/Documents/Project/browser-dev/Floorp-Runtime/obj-x86_64-pc-windows-msvc\x86_64-pc-windows-msvc\release\deps\libsmallvec-8bb2d36bc67cab40.rmeta --extern static_assertions=C:/Users/Zachary/Documents/Project/browser-dev/Floorp-Runtime/obj-x86_64-pc-windows-msvc\x86_64-pc-windows-msvc\release\deps\libstatic_assertions-fa057fe621c3d1d6.rmeta --extern static_prefs=C:/Users/Zachary/Documents/Project/browser-dev/Floorp-Runtime/obj-x86_64-pc-windows-msvc\x86_64-pc-windows-msvc\release\deps\libstatic_prefs-e87c644378ef5d60.rmeta --extern strum=C:/Users/Zachary/Documents/Project/browser-dev/Floorp-Runtime/obj-x86_64-pc-windows-msvc\x86_64-pc-windows-msvc\release\deps\libstrum-9b9fe02db7a2f133.rmeta --extern strum_macros=C:/Users/Zachary/Documents/Project/browser-dev/Floorp-Runtime/obj-x86_64-pc-windows-msvc\release\deps\strum_macros-85fb07209ba23582.dll --extern style_derive=C:/Users/Zachary/Documents/Project/browser-dev/Floorp-Runtime/obj-x86_64-pc-windows-msvc\release\deps\style_derive-36797a2c993a03d0.dll --extern style_traits=C:/Users/Zachary/Documents/Project/browser-dev/Floorp-Runtime/obj-x86_64-pc-windows-msvc\x86_64-pc-windows-msvc\release\deps\libstyle_traits-9f39402419deb318.rmeta --extern thin_vec=C:/Users/Zachary/Documents/Project/browser-dev/Floorp-Runtime/obj-x86_64-pc-windows-msvc\x86_64-pc-windows-msvc\release\deps\libthin_vec-ed90ec9be23b90b0.rmeta --extern to_shmem=C:/Users/Zachary/Documents/Project/browser-dev/Floorp-Runtime/obj-x86_64-pc-windows-msvc\x86_64-pc-windows-msvc\release\deps\libto_shmem-57134565f8dab030.rmeta --extern to_shmem_derive=C:/Users/Zachary/Documents/Project/browser-dev/Floorp-Runtime/obj-x86_64-pc-windows-msvc\release\deps\to_shmem_derive-450517488de48e4b.dll --extern uluru=C:/Users/Zachary/Documents/Project/browser-dev/Floorp-Runtime/obj-x86_64-pc-windows-msvc\x86_64-pc-windows-msvc\release\deps\libuluru-eea117268276211a.rmeta --extern void=C:/Users/Zachary/Documents/Project/browser-dev/Floorp-Runtime/obj-x86_64-pc-windows-msvc\x86_64-pc-windows-msvc\release\deps\libvoid-f3f3570bac2d894b.rmeta -C debuginfo=2 -C control-flow-guard=yes --cap-lints warn -Cembed-bitcode=yes -C codegen-units=1` (exit code: 0xc0000409, STATUS_STACK_BUFFER_OVERRUN)
37:39.40 E  #0 0x00007ff661fd9946
37:39.40 E  #1 0x00007ff661dbcef2
37:39.40 E  #2 0x00007ff661db33d4
37:39.40 E  #3 0x00007ff662001e78
37:39.40 E  #4 0x00007ff660fe05fb
37:39.40 E  #5 0x00007ff660fd0ae5
37:39.40 E  #6 0x00007ff661498f26
37:39.40 E  #7 0x00007ff6614a1c4c
37:39.40 E  #8 0x00007ff6617e2c31
37:39.40 E  #9 0x00007ff6617e2344
37:39.40 E #10 0x00007ff6613bc0b2
37:39.40 E #11 0x00007ff6615a0d7d
37:39.40 E #12 0x00007ff66159f8ed
37:39.40 E #13 0x00007ff66159bfce
37:39.40 E #14 0x00007ff66159099d
37:39.40 E #15 0x00007ff661590618
37:39.41 E #16 0x00007ff661589d50
37:39.41 E #17 0x00007ff661587911
37:39.41 E #18 0x00007ff6616e3329
37:39.41 E #19 0x00007ff6616e2696
37:39.41 E #20 0x00007ff6616e2854
37:39.41 E #21 0x00007ff66015afef
37:39.41 E #22 0x00007ff6616e290e
37:39.41 E #23 0x00007ff6616e23ce
37:39.41 E #24 0x00007ff6616e0dde
37:39.41 E #25 0x00007ff6616dea26
37:39.41 E #26 0x00007ff6616dde56
37:39.41 E #27 0x00007ff6613b23aa
37:39.41 E #28 0x00007ff6613af12a
37:39.41 E #29 0x00007ff6613af33c
37:39.41 E #30 0x00007ff6613af33c
37:39.41 E #31 0x00007ff661d5192c
37:39.41 E #32 0x00007ff661d465c6
37:39.41 E #33 0x00007ff661ccef6b
37:39.41 E #34 0x00007ff65fe77ed3
37:39.41 E #35 0x00007ff65fe77b42
37:39.41 E #36 0x00007ff65fe74f16
37:39.41 E #37 0x00007ff65fe71a2d
37:39.41 E #38 0x00007ff65fe7031e
37:39.41 E #39 0x00007ff660d9de2d
37:39.42 E #40 0x00007ff6605e1435
37:39.42 E #41 0x00007ff6605e1228
37:39.42 E #42 0x00007ff6602c10c5
37:39.42 E #43 0x00007ff6602c0a1e
37:39.43 E #44 0x00007ff6602c060d
37:39.44 E #45 0x00007ff6602b87ac
37:39.44 E #46 0x00007ff6602b5ed3
37:39.44 E #47 0x00007ff661d9d264
37:39.44 E #48 0x00007ffcea66cd87
37:39.44 E #49 0x00007ffcebdecaec
37:39.44 E  #0 0x00007ff661fd9946 (C:\PROGRA~1\LLVM\bin\clang-cl.exe+0x2189946)
37:39.44 E  #1 0x00007ff661dbcef2 (C:\PROGRA~1\LLVM\bin\clang-cl.exe+0x1f6cef2)
37:39.44 E  #2 0x00007ff661db33d4 (C:\PROGRA~1\LLVM\bin\clang-cl.exe+0x1f633d4)
37:39.45 E  #3 0x00007ff662001e78 (C:\PROGRA~1\LLVM\bin\clang-cl.exe+0x21b1e78)
37:39.45 E  #4 0x00007ff662001ea2 (C:\PROGRA~1\LLVM\bin\clang-cl.exe+0x21b1ea2)
37:39.45 E  #5 0x00007ff661d6a051 (C:\PROGRA~1\LLVM\bin\clang-cl.exe+0x1f1a051)
37:39.45 E  #6 0x00007ff661dadc80 (C:\PROGRA~1\LLVM\bin\clang-cl.exe+0x1f5dc80)
37:39.45 E  #7 0x00007ff661d6fcea (C:\PROGRA~1\LLVM\bin\clang-cl.exe+0x1f1fcea)
37:39.45 E  #8 0x00007ff661d65cf9 (C:\PROGRA~1\LLVM\bin\clang-cl.exe+0x1f15cf9)
37:39.45 E  #9 0x00007ff660fd0710 (C:\PROGRA~1\LLVM\bin\clang-cl.exe+0x1180710)
37:39.45 E #10 0x00007ff660fd063d (C:\PROGRA~1\LLVM\bin\clang-cl.exe+0x118063d)
37:39.45 E #11 0x00007ff66142b46a (C:\PROGRA~1\LLVM\bin\clang-cl.exe+0x15db46a)
37:39.45 E #12 0x00007ff661429f80 (C:\PROGRA~1\LLVM\bin\clang-cl.exe+0x15d9f80)
37:39.45 E #13 0x00007ff66142905d (C:\PROGRA~1\LLVM\bin\clang-cl.exe+0x15d905d)
37:39.45 E #14 0x00007ff661298e6e (C:\PROGRA~1\LLVM\bin\clang-cl.exe+0x1448e6e)
37:39.45 E #15 0x00007ff66124ac7b (C:\PROGRA~1\LLVM\bin\clang-cl.exe+0x13fac7b)
37:39.45 E #16 0x00007ff66124a401 (C:\PROGRA~1\LLVM\bin\clang-cl.exe+0x13fa401)
37:39.45 E #17 0x00007ff661247530 (C:\PROGRA~1\LLVM\bin\clang-cl.exe+0x13f7530)
37:39.45 E #18 0x00007ff66127dcfb (C:\PROGRA~1\LLVM\bin\clang-cl.exe+0x142dcfb)
37:39.45 E #19 0x00007ff66125c036 (C:\PROGRA~1\LLVM\bin\clang-cl.exe+0x140c036)
37:39.45 E #20 0x00007ff6611b2e71 (C:\PROGRA~1\LLVM\bin\clang-cl.exe+0x1362e71)
37:39.45 E #21 0x00007ff6611b0f20 (C:\PROGRA~1\LLVM\bin\clang-cl.exe+0x1360f20)
37:39.45 E #22 0x00007ff6611b0b4c (C:\PROGRA~1\LLVM\bin\clang-cl.exe+0x1360b4c)
37:39.46 E #23 0x00007ff6611b0c69 (C:\PROGRA~1\LLVM\bin\clang-cl.exe+0x1360c69)
37:39.46 E #24 0x00007ff65fff6500 (C:\PROGRA~1\LLVM\bin\clang-cl.exe+0x1a6500)
37:39.46 E #25 0x00007ff6611b1e65 (C:\PROGRA~1\LLVM\bin\clang-cl.exe+0x1361e65)
37:39.46 E #26 0x00007ff6611b0da6 (C:\PROGRA~1\LLVM\bin\clang-cl.exe+0x1360da6)
37:39.46 E #27 0x00007ff661ccf2b8 (C:\PROGRA~1\LLVM\bin\clang-cl.exe+0x1e7f2b8)
37:39.46 E #28 0x00007ff661ccef81 (C:\PROGRA~1\LLVM\bin\clang-cl.exe+0x1e7ef81)
37:39.46 E #29 0x00007ff65fe77ed3 (C:\PROGRA~1\LLVM\bin\clang-cl.exe+0x27ed3)
37:39.46 E #30 0x00007ff65fe77b42 (C:\PROGRA~1\LLVM\bin\clang-cl.exe+0x27b42)
37:39.46 E #31 0x00007ff65fe74f16 (C:\PROGRA~1\LLVM\bin\clang-cl.exe+0x24f16)
37:39.46 E #32 0x00007ff65fe71a2d (C:\PROGRA~1\LLVM\bin\clang-cl.exe+0x21a2d)
37:39.46 E #33 0x00007ff65fe7031e (C:\PROGRA~1\LLVM\bin\clang-cl.exe+0x2031e)
37:39.46 E #34 0x00007ff660d9de2d (C:\PROGRA~1\LLVM\bin\clang-cl.exe+0xf4de2d)
37:39.46 E #35 0x00007ff6605e1435 (C:\PROGRA~1\LLVM\bin\clang-cl.exe+0x791435)
37:39.46 E #36 0x00007ff6605e1228 (C:\PROGRA~1\LLVM\bin\clang-cl.exe+0x791228)
37:39.46 E #37 0x00007ff6602c10c5 (C:\PROGRA~1\LLVM\bin\clang-cl.exe+0x4710c5)
37:39.47 E #38 0x00007ff6602c0a1e (C:\PROGRA~1\LLVM\bin\clang-cl.exe+0x470a1e)
37:39.47 E #39 0x00007ff6602c060d (C:\PROGRA~1\LLVM\bin\clang-cl.exe+0x47060d)
37:39.47 E #40 0x00007ff6602b87ac (C:\PROGRA~1\LLVM\bin\clang-cl.exe+0x4687ac)
37:39.47 E #41 0x00007ff6602b5ed3 (C:\PROGRA~1\LLVM\bin\clang-cl.exe+0x465ed3)
37:39.47 E #42 0x00007ff661d9d264 (C:\PROGRA~1\LLVM\bin\clang-cl.exe+0x1f4d264)
37:39.47 E #43 0x00007ffcea66cd87 (C:\WINDOWS\System32\KERNEL32.DLL+0x2cd87)
37:39.47 E #44 0x00007ffcebdecaec (C:\WINDOWS\SYSTEM32\ntdll.dll+0xacaec)
37:39.47 E clang-cl: clang-cl: error: error: clang frontend command failed due to signal (use -v to see invocation)
37:39.47 E clang version 20.1.8
37:39.47 E Target: x86_64-pc-windows-msvc
37:39.47 E Thread model: posix
37:39.47 E InstalledDir: C:\Program Files\LLVM\bin
37:39.47 E clang frontend command failed due to signal (use -v to see invocation)
37:39.47 E clang version 20.1.8
37:39.47 E Target: x86_64-pc-windows-msvc
37:39.48 E Thread model: posix
37:39.48 E InstalledDir: C:\Program Files\LLVM\bin
37:39.48 E  #0 0x00007ff661fd9946 (C:\PROGRA~1\LLVM\bin\clang-cl.exe+0x2189946)
37:39.48 E  #1 0x00007ff661dbcef2 (C:\PROGRA~1\LLVM\bin\clang-cl.exe+0x1f6cef2)
37:39.48 E  #2 0x00007ff661db33d4 (C:\PROGRA~1\LLVM\bin\clang-cl.exe+0x1f633d4)
37:39.48 E  #3 0x00007ff662001e78 (C:\PROGRA~1\LLVM\bin\clang-cl.exe+0x21b1e78)
37:39.48 E  #4 0x00007ff662001ea2 (C:\PROGRA~1\LLVM\bin\clang-cl.exe+0x21b1ea2)
37:39.48 E  #5 0x00007ff661d6a051 (C:\PROGRA~1\LLVM\bin\clang-cl.exe+0x1f1a051)
37:39.48 E  #6 0x00007ff661dadc80 (C:\PROGRA~1\LLVM\bin\clang-cl.exe+0x1f5dc80)
37:39.48 E  #7 0x00007ff661d6fcea (C:\PROGRA~1\LLVM\bin\clang-cl.exe+0x1f1fcea)
37:39.48 E  #8 0x00007ff661d65cf9 (C:\PROGRA~1\LLVM\bin\clang-cl.exe+0x1f15cf9)
37:39.48 E  #9 0x00007ff660fd0710 (C:\PROGRA~1\LLVM\bin\clang-cl.exe+0x1180710)
37:39.48 E #10 0x00007ff660fd063d (C:\PROGRA~1\LLVM\bin\clang-cl.exe+0x118063d)
37:39.48 E #11 0x00007ff6616bfbed (C:\PROGRA~1\LLVM\bin\clang-cl.exe+0x186fbed)
37:39.48 E #12 0x00007ff66299a9d5 (C:\PROGRA~1\LLVM\bin\clang-cl.exe+0x2b4a9d5)
37:39.48 E #13 0x00007ff662838e4a (C:\PROGRA~1\LLVM\bin\clang-cl.exe+0x29e8e4a)
37:39.48 E #14 0x00007ff6628376dc (C:\PROGRA~1\LLVM\bin\clang-cl.exe+0x29e76dc)
37:39.48 E #15 0x00007ff661b4a526 (C:\PROGRA~1\LLVM\bin\clang-cl.exe+0x1cfa526)
37:39.48 E #16 0x00007ff6601d379c (C:\PROGRA~1\LLVM\bin\clang-cl.exe+0x38379c)
37:39.49 E #17 0x00007ff6601d335f (C:\PROGRA~1\LLVM\bin\clang-cl.exe+0x38335f)
37:39.49 E #18 0x00007ff6601ccdd2 (C:\PROGRA~1\LLVM\bin\clang-cl.exe+0x37cdd2)
37:39.49 E #19 0x00007ff661828939 (C:\PROGRA~1\LLVM\bin\clang-cl.exe+0x19d8939)
37:39.49 E #20 0x00007ff661ccefb5 (C:\PROGRA~1\LLVM\bin\clang-cl.exe+0x1e7efb5)
37:39.49 E #21 0x00007ff65fe77ed3 (C:\PROGRA~1\LLVM\bin\clang-cl.exe+0x27ed3)
37:39.49 E #22 0x00007ff65fe77b42 (C:\PROGRA~1\LLVM\bin\clang-cl.exe+0x27b42)
37:39.49 E #23 0x00007ff65fe74f16 (C:\PROGRA~1\LLVM\bin\clang-cl.exe+0x24f16)
37:39.49 E #24 0x00007ff65fe71a2d (C:\PROGRA~1\LLVM\bin\clang-cl.exe+0x21a2d)
37:39.49 E #25 0x00007ff65fe7031e (C:\PROGRA~1\LLVM\bin\clang-cl.exe+0x2031e)
37:39.49 E #26 0x00007ff660d9de2d (C:\PROGRA~1\LLVM\bin\clang-cl.exe+0xf4de2d)
37:39.49 E #27 0x00007ff6605e1435 (C:\PROGRA~1\LLVM\bin\clang-cl.exe+0x791435)
37:39.49 E #28 0x00007ff6605e1228 (C:\PROGRA~1\LLVM\bin\clang-cl.exe+0x791228)
37:39.49 E #29 0x00007ff6602c10c5 (C:\PROGRA~1\LLVM\bin\clang-cl.exe+0x4710c5)
37:39.49 E #30  #0 0x00007ff661fd9946 (C:\PROGRA~1\LLVM\bin\clang-cl.exe+0x2189946)
37:39.49 E  #1 0x00007ff661dbcef2 (C:\PROGRA~1\LLVM\bin\clang-cl.exe+0x1f6cef2)
37:39.49 E  #2 0x00007ff661db33d4 (C:\PROGRA~1\LLVM\bin\clang-cl.exe+0x1f633d4)
37:39.49 E 0x00007ff6602c0a1e (C:\PROGRA~1\LLVM\bin\clang-cl.exe+0x470a1e)
37:39.50 E #31 0x00007ff6602c060d (C:\PROGRA~1\LLVM\bin\clang-cl.exe+0x47060d)
37:39.50 E #32 0x00007ff6602b87ac (C:\PROGRA~1\LLVM\bin\clang-cl.exe+0x4687ac)
37:39.50 E #33 0x00007ff6602b5ed3 (C:\PROGRA~1\LLVM\bin\clang-cl.exe+0x465ed3)
37:39.50 E #34 0x00007ff661d9d264 (C:\PROGRA~1\LLVM\bin\clang-cl.exe+0x1f4d264)
37:39.50 E #35 0x00007ffcea66cd87 (C:\WINDOWS\System32\KERNEL32.DLL+0x2cd87)
37:39.50 E #36 0x00007ffcebdecaec (C:\WINDOWS\SYSTEM32\ntdll.dll+0xacaec)
37:39.50 E   #3 0x00007ff662001e78  #0 (C:\PROGRA~1\LLVM\bin\clang-cl.exe+0x21b1e78)
37:39.50 E #0 0x00007ff661fd9946 (C:\PROGRA~1\LLVM\bin\clang-cl.exe+0x2189946)
37:39.50 E  #10x00007ff661fd9946 (C:\PROGRA~1\LLVM\bin\clang-cl.exe+0x2189946 #4 0x00007ff662001ea2  )
37:39.50 E 0x00007ff661dbcef2(C:\PROGRA~1\LLVM\bin\clang-cl.exe+  #10x21b1ea2)
37:39.50 E  #5 0x00007ff661d6a051 (C:\PROGRA~1\LLVM\bin\clang-cl.exe+0x1f1a051)
37:39.50 E  #6 0x00007ff661dadc80 (C:\PROGRA~1\LLVM\bin\clang-cl.exe+0x1f5dc80)
37:39.50 E  #7 0x00007ff661d6fcea (C:\PROGRA~1\LLVM\bin\clang-cl.exe+0x1f1fcea)
37:39.50 E  #8 0x00007ff661d65cf9 (C:\PROGRA~1\LLVM\bin\clang-cl.exe+0x1f15cf9)
37:39.50 E  #9 0x00007ff660fd0710 (C:\PROGRA~1\LLVM\bin\clang-cl.exe+0x1180710)
37:39.50 E #10 0x00007ff660fd063d (C:\PROGRA~1\LLVM\bin\clang-cl.exe+0x118063d)
37:39.50 E #11 0x00007ff661467ee6 (C:\PROGRA~1\LLVM\bin\clang-cl.exe+0x1617ee6)
37:39.51 E #12 0x00007ff66140c0c3 (C:\PROGRA~1\LLVM\bin\clang-cl.exe+0x15bc0c3)
37:39.51 E #13 0x00007ff661dbcef2  0x00007ff6611ed2f0( (C:\PROGRA~1\LLVM\bin\clang-cl.exe+C:\PROGRA~1\LLVM\bin\clang-cl.exe(+0x1f6cef2C:\PROGRA~1\LLVM\bin\clang-cl.exe)0x139d2f0+)
37:39.51 E 0x1f6cef2)
37:39.51 E  #2
37:39.51 E  #14#2  0x00007ff661db33d4 (C:\PROGRA~1\LLVM\bin\clang-cl.exe+0x1f633d4)
37:39.51 E  #3 0x00007ff662001e78 (C:\PROGRA~1\LLVM\bin\clang-cl.exe+0x21b1e78)
37:39.52 E  #4 0x00007ff662001ea2 (C:\PROGRA~1\LLVM\bin\clang-cl.exe+0x21b1ea2)
37:39.52 E  #5 0x00007ff661d6a051 (C:\PROGRA~1\LLVM\bin\clang-cl.exe+0x1f1a051)
37:39.53 E  #6 0x00007ff661dadc80 (C:\PROGRA~1\LLVM\bin\clang-cl.exe+0x1f5dc80)
37:39.53 E  #7 0x00007ff661d6fcea (C:\PROGRA~1\LLVM\bin\clang-cl.exe+0x1f1fcea)
37:39.53 E  #8 0x00007ff661d65cf9 (C:\PROGRA~1\LLVM\bin\clang-cl.exe+0x1f15cf9)
37:39.53 E  #9 0x00007ff660fd0710 (C:\PROGRA~1\LLVM\bin\clang-cl.exe+0x1180710)
37:39.53 E #10 0x00007ff660fd063d (C:\PROGRA~1\LLVM\bin\clang-cl.exe+0x118063d)
37:39.53 E #11 0x00007ff6610a8175 (C:\PROGRA~1\LLVM\bin\clang-cl.exe+0x1258175)
37:39.53 E #12 0x00007ff6610a7ac4 (C:\PROGRA~1\LLVM\bin\clang-cl.exe+0x1257ac4)
37:39.53 E #13 0x00007ff6610a0ab0 (C:\PROGRA~1\LLVM\bin\clang-cl.exe+0x1250ab0)
37:39.53 E #14 0x00007ff6611faf26 (C:\PROGRA~1\LLVM\bin\clang-cl.exe+0x13aaf26)
37:39.53 E #15 0x00007ff661204adf (C:\PROGRA~1\LLVM\bin\clang-cl.exe+0x13b4adf)
37:39.53 E #16 0x00007ff6611edb4d (C:\PROGRA~1\LLVM\bin\clang-cl.exe+0x139db4d)
37:39.53 E #17 0x00007ff6611e9943 (C:\PROGRA~1\LLVM\bin\clang-cl.exe+0x1399943)
37:39.53 E #18 0x00007ff6611e6fc8 (C:\PROGRA~1\LLVM\bin\clang-cl.exe+0x1396fc8)
37:39.53 E #19 0x00007ff6611e654f (C:\PROGRA~1\LLVM\bin\clang-cl.exe+0x139654f)
37:39.53 E #20 0x00007ff6614650dd (C:\PROGRA~1\LLVM\bin\clang-cl.exe+0x16150dd)
37:39.53 E #21 0x00007ff66146507d (C:\PROGRA~1\LLVM\bin\clang-cl.exe+0x161507d)
37:39.53 E #22 0x00007ff6610bc8c4 (C:\PROGRA~1\LLVM\bin\clang-cl.exe+0x126c8c4)
37:39.53 E #23 0x00007ff6610bc51c (C:\PROGRA~1\LLVM\bin\clang-cl.exe+0x00007ff6611e99430x126c51c)
37:39.53 E #24 0x00007ff661228385 (C:\PROGRA~1\LLVM\bin\clang-cl.exe+0x13d8385)
37:39.54 E #25 0x00007ff661204299 (C:\PROGRA~1\LLVM\bin\clang-cl.exe+0x13b4299)
37:39.54 E #26 0x00007ff6611e9943 (C:\PROGRA~1\LLVM\bin\clang-cl.exe+0x1399943)
37:39.54 E #27 0x00007ff6611e6fc8 (C:\PROGRA~1\LLVM\bin\clang-cl.exe+0x1396fc8)
37:39.54 E #28 0x00007ff6611e654f (C:\PROGRA~1\LLVM\bin\clang-cl.exe+0x139654f)
37:39.54 E #29 0x00007ff6614650dd (C:\PROGRA~1\LLVM\bin\clang-cl.exe+0x16150dd)
37:39.54 E #30 0x00007ff66146507d (C:\PROGRA~1\LLVM\bin\clang-cl.exe+0x161507d)
37:39.54 E #31 0x00007ff6610bc8c4 (C:\PROGRA~1\LLVM\bin\clang-cl.exe+0x126c8c4)
37:39.54 E #32 0x00007ff6610bc51c (C:\PROGRA~1\LLVM\bin\clang-cl.exe+0x126c51c)
37:39.54 E #33 0x00007ff6611fa10a (C:\PROGRA~1\LLVM\bin\clang-cl.exe+0x13aa10a)
37:39.54 E #34 0x00007ff6611e9d01 (C:\PROGRA~1\LLVM\bin\clang-cl.exe+0x1399d01)
37:39.54 E #35 0x00007ff6611e6fc8 (C:\PROGRA~1\LLVM\bin\clang-cl.exe+0x1396fc8)
37:39.54 E #36 0x00007ff6611e654f (C:\PROGRA~1\LLVM\bin\clang-cl.exe+0x139654f)
37:39.54 E #37 0x00007ff6614650dd (C:\PROGRA~1\LLVM\bin\clang-cl.exe+0x16150dd)
37:39.54 E #38 0x00007ff66146507d (C:\PROGRA~1\LLVM\bin\clang-cl.exe+0x161507d)
37:39.54 E #39 0x00007ff6610bc8c4 (C:\PROGRA~1\LLVM\bin\clang-cl.exe+0x126c8c4)
37:39.54 E #40 0x00007ff6610bc51c (C:\PROGRA~1\LLVM\bin\clang-cl.exe+0x126c51c)
37:39.54 E #41 0x00007ff66133d6d3 (C:\PROGRA~1\LLVM\bin\clang-cl.exe+0x14ed6d3)
37:39.54 E #42 0x00007ff661283b8d (C:\PROGRA~1\LLVM\bin\clang-cl.exe+0x1433b8d)
37:39.54 E #43 0x00007ff66125722f (C:\PROGRA~1\LLVM\bin\clang-cl.exe+0x140722f)
37:39.54 E #44 0x00007ff661246cb7 (C:\PROGRA~1\LLVM\bin\clang-cl.exe+0x13f6cb7)
37:39.54 E #45 0x00007ff66127dcfb (C:\PROGRA~1\LLVM\bin\clang-cl.exe+0x142dcfb)
37:39.54 E #46 0x00007ff66125c036 (C:\PROGRA~1\LLVM\bin\clang-cl.exe+0x140c036)
37:39.54 E #47 0x00007ff6611b2e71 (C:\PROGRA~1\LLVM\bin\clang-cl.exe+0x1362e71)
37:39.54 E #48 0x00007ff6611b0f20 (C:\PROGRA~1\LLVM\bin\clang-cl.exe+0x1360f20)
37:39.54 E #49 0x00007ff6611b0b4c (C:\PROGRA~1\LLVM\bin\clang-cl.exe+0x1360b4c)
37:39.54 E #50 0x00007ff65fff6500 (C:\PROGRA~1\LLVM\bin\clang-cl.exe+0x1a6500)
37:39.54 E #51 0x00007ff6611b1e65 (C:\PROGRA~1\LLVM\bin\clang-cl.exe+0x1361e65)
37:39.54 E #52 0x00007ff6611b0da6 (C:\PROGRA~1\LLVM\bin\clang-cl.exe+0x1360da6)
37:39.54 E #53 0x00007ff6611b0b4c (C:\PROGRA~1\LLVM\bin\clang-cl.exe+0x1360b4c)
37:39.54 E #54 0x00007ff65fff6500 (C:\PROGRA~1\LLVM\bin\clang-cl.exe+0x1a6500)
37:39.54 E #55 0x00007ff6611b1e65 (C:\PROGRA~1\LLVM\bin\clang-cl.exe+0x1361e65)
37:39.54 E #56 0x00007ff6611b0da6 (C:\PROGRA~1\LLVM\bin\clang-cl.exe+0x1360da6)
37:39.55 E #57 0x00007ff661ccf2b8 (C:\PROGRA~1\LLVM\bin\clang-cl.exe+0x1e7f2b8)
37:39.55 E #58 0x00007ff661ccef81 (C:\PROGRA~1\LLVM\bin\clang-cl.exe+0x1e7ef81)
37:39.55 E #59 0x00007ff65fe77ed3 (C:\PROGRA~1\LLVM\bin\clang-cl.exe+0x27ed3)
37:39.55 E #60 clang-cl: error: clang frontend command failed due to signal (use -v to see invocation)
37:39.55 E clang version 20.1.8
37:39.55 E Target: x86_64-pc-windows-msvc
37:39.55 E Thread model: posix
37:39.55 E InstalledDir: C:\Program Files\LLVM\bin
37:39.55 E 0x00007ff65fe77b42 (C:\PROGRA~1\LLVM\bin\clang-cl.exe+0x27b42)
37:39.55 E #61 0x00007ff65fe74f16 (C:\PROGRA~1\LLVM\bin\clang-cl.exe+0x24f16)
37:39.55 E #62 0x00007ff65fe71a2d (C:\PROGRA~1\LLVM\bin\clang-cl.exe+0x21a2d)
37:39.55 E #63 0x00007ff65fe7031e (C:\PROGRA~1\LLVM\bin\clang-cl.exe+0x2031e)
37:39.55 E #64 0x00007ff660d9de2d (C:\PROGRA~1\LLVM\bin\clang-cl.exe+0xf4de2d)
37:39.55 E #65 0x00007ff6605e1435 (C:\PROGRA~1\LLVM\bin\clang-cl.exe+0x791435)
37:39.55 E #66 0x00007ff6605e1228 (C:\PROGRA~1\LLVM\bin\clang-cl.exe+0x791228)
37:39.55 E #67 0x00007ff6602c10c5 (C:\PROGRA~1\LLVM\bin\clang-cl.exe+0x4710c5)
37:39.55 E #68 0x00007ff6602c0a1e (C:\PROGRA~1\LLVM\bin\clang-cl.exe+0x470a1e)
37:39.56 E #69 0x00007ff6602c060d (C:\PROGRA~1\LLVM\bin\clang-cl.exe+0x47060d)
37:39.56 E #70 0x00007ff6602b87ac (C:\PROGRA~1\LLVM\bin\clang-cl.exe+0x4687ac)
37:39.56 E #71 0x00007ff6602b5ed3 (C:\PROGRA~1\LLVM\bin\clang-cl.exe+0x465ed3)
37:39.56 E #72 0x00007ff661d9d264 (C:\PROGRA~1\LLVM\bin\clang-cl.exe+0x1f4d264)
37:39.56 E #73 0x00007ffcea66cd87 (C:\WINDOWS\System32\KERNEL32.DLL+0x2cd87)
37:39.56 E #74 0x00007ffcebdecaec (C:\WINDOWS\SYSTEM32\ntdll.dll+0xacaec)
37:39.56 E  #0 0x00007ff661fd9946 (C:\PROGRA~1\LLVM\bin\clang-cl.exe+0x2189946)
37:39.56 E  #1 0x00007ff661dbcef2 (C:\PROGRA~1\LLVM\bin\clang-cl.exe+0x1f6cef2)
37:39.56 E  #2 0x00007ff661db33d4 (C:\PROGRA~1\LLVM\bin\clang-cl.exe+0x1f633d4)
37:39.56 E  #3 0x00007ff662001e78 (C:\PROGRA~1\LLVM\bin\clang-cl.exe+0x21b1e78)
37:39.56 E  #4 0x00007ff662001ea2 (C:\PROGRA~1\LLVM\bin\clang-cl.exe+0x21b1ea2)
37:39.56 E  #5 0x00007ff661d6a051 (C:\PROGRA~1\LLVM\bin\clang-cl.exe+0x1f1a051)
37:39.56 E  #6 0x00007ff661dadc80 (C:\PROGRA~1\LLVM\bin\clang-cl.exe+0x1f5dc80)
37:39.56 E  #7 0x00007ff661d6fcea (C:\PROGRA~1\LLVM\bin\clang-cl.exe+0x1f1fcea)
37:39.56 E  #8 0x00007ff661d65cf9 (C:\PROGRA~1\LLVM\bin\clang-cl.exe+0x1f15cf9)
37:39.56 E  #9 0x00007ff660fd0710 (C:\PROGRA~1\LLVM\bin\clang-cl.exe+0x1180710)
37:39.56 E #10 0x00007ff660fd063d (C:\PROGRA~1\LLVM\bin\clang-cl.exe+0x118063d)
37:39.56 E #11 0x00007ff6616bfbed (C:\PROGRA~1\LLVM\bin\clang-cl.exe+0x186fbed)
37:39.56 E #12 0x00007ff661f71a47 (C:\PROGRA~1\LLVM\bin\clang-cl.exe+0x2121a47)
37:39.57 E #13 0x00007ff66283ac7c (C:\PROGRA~1\LLVM\bin\clang-cl.exe+0x29eac7c)
37:39.57 E #14 0x00007ff66283aeaf (C:\PROGRA~1\LLVM\bin\clang-cl.exe+0x29eaeaf)
37:39.57 E #15 0x00007ff66283b07a (C:\PROGRA~1\LLVM\bin\clang-cl.exe+0x29eb07a)
37:39.57 E #16 0x00007ff66283b07a (C:\PROGRA~1\LLVM\bin\clang-cl.exe+0x29eb07a)
37:39.57 E #17 0x00007ff66283928f (C:\PROGRA~1\LLVM\bin\clang-cl.exe+0x29e928f)
37:39.57 E #18 0x00007ff6628376dc (C:\PROGRA~1\LLVM\bin\clang-cl.exe+0x29e76dc)
37:39.57 E #19 0x00007ff661b4a526 (C:\PROGRA~1\LLVM\bin\clang-cl.exe+0x1cfa526)
37:39.57 E #20 0x00007ff6601d379c (C:\PROGRA~1\LLVM\bin\clang-cl.exe+0x38379c)
37:39.57 E #21 0x00007ff6601d335f (C:\PROGRA~1\LLVM\bin\clang-cl.exe+0x38335f)
37:39.57 E #22 0x00007ff6601ccdd2 (C:\PROGRA~1\LLVM\bin\clang-cl.exe+0x37cdd2)
37:39.57 E #23 0x00007ff661828939 (C:\PROGRA~1\LLVM\bin\clang-cl.exe+0x19d8939)
37:39.57 E #24 0x00007ff661ccefb5 (C:\PROGRA~1\LLVM\bin\clang-cl.exe+0x1e7efb5)
37:39.57 E #25 0x00007ff65fe77ed3 (C:\PROGRA~1\LLVM\bin\clang-cl.exe+0x27ed3)
37:39.57 E #26 0x00007ff65fe77b42 (C:\PROGRA~1\LLVM\bin\clang-cl.exe+0x27b42)
37:39.57 E #27 0x00007ff65fe74f16 (C:\PROGRA~1\LLVM\bin\clang-cl.exe+0x24f16)
37:39.57 E #28 0x00007ff65fe71a2d (C:\PROGRA~1\LLVM\bin\clang-cl.exe+0x21a2d)
37:39.57 E #29 0x00007ff65fe7031e (C:\PROGRA~1\LLVM\bin\clang-cl.exe+0x2031e)
37:39.57 E #30 0x00007ff660d9de2d (C:\PROGRA~1\LLVM\bin\clang-cl.exe+0xf4de2d)
37:39.57 E #31 0x00007ff6605e1435 (C:\PROGRA~1\LLVM\bin\clang-cl.exe+0x791435)
37:39.57 E #32 0x00007ff6605e1228 (C:\PROGRA~1\LLVM\bin\clang-cl.exe+0x791228)
37:39.57 E #33 0x00007ff6602c10c5 (C:\PROGRA~1\LLVM\bin\clang-cl.exe+0x4710c5)
37:39.58 E #34 0x00007ff6602c0a1e (C:\PROGRA~1\LLVM\bin\clang-cl.exe+0x470a1e)
37:39.58 E #35 0x00007ff6602c060d (C:\PROGRA~1\LLVM\bin\clang-cl.exe+0x47060d)
37:39.58 E #36 0x00007ff6602b87ac (C:\PROGRA~1\LLVM\bin\clang-cl.exe+0x4687ac)
37:39.58 E #37 0x00007ff6602b5ed3 (C:\PROGRA~1\LLVM\bin\clang-cl.exe+0x465ed3)
37:39.58 E #38 0x00007ff661d9d264 (C:\PROGRA~1\LLVM\bin\clang-cl.exe+0x1f4d264)
37:39.58 E #39 0x00007ffcea66cd87 (C:\WINDOWS\System32\KERNEL32.DLL+0x2cd87)
37:39.58 E #40 0x00007ffcebdecaec (C:\WINDOWS\SYSTEM32\ntdll.dll+0xacaec)
37:39.58 E  0x00007ff661db33d4 (C:\PROGRA~1\LLVM\bin\clang-cl.exe+0x1f633d4)
37:39.58 E  #3 0x00007ff662001e78 (C:\PROGRA~1\LLVM\bin\clang-cl.exe+0x21b1e78)
37:39.58 E  #4 0x00007ff662001ea2 (C:\PROGRA~1\LLVM\bin\clang-cl.exe+0x21b1ea2)
37:39.58 E  #5 0x00007ff661d6a051 (C:\PROGRA~1\LLVM\bin\clang-cl.exe+0x1f1a051)
37:39.58 E  #6 0x00007ff661dadc80 (C:\PROGRA~1\LLVM\bin\clang-cl.exe+0x1f5dc80)
37:39.58 E  #7 0x00007ff661d6fcea (C:\PROGRA~1\LLVM\bin\clang-cl.exe+0x1f1fcea)
37:39.58 E  #8 0x00007ff661d65cf9 (C:\PROGRA~1\LLVM\bin\clang-cl.exe+0x1f15cf9)
37:39.58 E  #9 0x00007ff660fd0710 (C:\PROGRA~1\LLVM\bin\clang-cl.exe+0x1180710)
37:39.58 E  (C:\PROGRA~1\LLVM\bin\clang-cl.exe+0x1399943)
37:39.58 E #15 0x00007ff6611e6fc8 (C:\PROGRA~1\LLVM\bin\clang-cl.exe+0x1396fc8)
37:39.58 E #16 0x00007ff6611e654f#10 0x00007ff6613b21a0 (C:\PROGRA~1\LLVM\bin\clang-cl.exe+ (C:\PROGRA~1\LLVM\bin\clang-cl.exe+0x139654f)
37:39.58 E #17 0x00007ff6614650dd (C:\PROGRA~1\LLVM\bin\clang-cl.exe+0x16150dd)
37:39.58 E clang-cl: error: clang frontend command failed due to signal (use -v to see invocation)
37:39.58 E clang version 20.1.8
37:39.59 E Target: x86_64-pc-windows-msvc
37:39.59 E Thread model: posix
37:39.59 E InstalledDir: C:\Program Files\LLVM\bin
37:39.59 E  #0 0x00007ff661fd9946 (C:\PROGRA~1\LLVM\bin\clang-cl.exe+0x2189946)
37:39.59 E  #1 0x00007ff661dbcef2 (C:\PROGRA~1\LLVM\bin\clang-cl.exe+0x1f6cef2)
37:39.59 E  #2 0x00007ff661db33d4 (C:\PROGRA~1\LLVM\bin\clang-cl.exe+0x1f633d4)
37:39.59 E  #3 0x00007ff662001e78 (C:\PROGRA~1\LLVM\bin\clang-cl.exe+0x21b1e78)
37:39.59 E  #4 0x00007ff662001ea2 (C:\PROGRA~1\LLVM\bin\clang-cl.exe+0x21b1ea2)
37:39.59 E  #5 0x00007ff661d6a051 (C:\PROGRA~1\LLVM\bin\clang-cl.exe+0x1f1a051)
37:39.59 E  #6 0x00007ff661dadc80 (C:\PROGRA~1\LLVM\bin\clang-cl.exe+0x1f5dc80)
37:39.59 E  #7 0x00007ff661d6fcea (C:\PROGRA~1\LLVM\bin\clang-cl.exe+0x1f1fcea)
37:39.60 E  #8 0x00007ff661d65cf9 (C:\PROGRA~1\LLVM\bin\clang-cl.exe+0x1f15cf9)
37:39.60 E  #9 0x00007ff660fd0710 (C:\PROGRA~1\LLVM\bin\clang-cl.exe+0x1180710)
37:39.60 E #10 0x00007ff660fd063d (C:\PROGRA~1\LLVM\bin\clang-cl.exe+0x118063d)
37:39.60 E #11 0x00007ff661847735 (C:\PROGRA~1\LLVM\bin\clang-cl.exe+0x19f7735)
37:39.60 E #12 0x00007ff66184744f (C:\PROGRA~1\LLVM\bin\clang-cl.exe+0x19f744f)
37:39.61 E #13 0x00007ff66184680d (C:\PROGRA~1\LLVM\bin\clang-cl.exe+0x19f680d)
37:39.61 E #14 0x00007ff6611c9695 (C:\PROGRA~1\LLVM\bin\clang-cl.exe+0x1379695)
37:39.61 E #15 0x00007ff6611bd6bf (C:\PROGRA~1\LLVM\bin\clang-cl.exe+0x136d6bf)
37:39.61 E #16 0x00007ff6611b4e8c (C:\PROGRA~1\LLVM\bin\clang-cl.exe+0x1364e8c)
37:39.61 E #17 0x00007ff6611b1bd4 (C:\PROGRA~1\LLVM\bin\clang-cl.exe+0x1361bd4)
37:39.61 E #18 0x00007ff661299341 (C:\PROGRA~1\LLVM\bin\clang-cl.exe+0x1449341)
37:39.61 E #19 0x00007ff66132bce6 (C:\PROGRA~1\LLVM\bin\clang-cl.exe+0x14dbce6)
37:39.61 E #20 0x00007ff6613273dd (C:\PROGRA~1\LLVM\bin\clang-cl.exe+0x14d73dd)
37:39.61 E #21 0x00007ff6612993d6 (C:\PROGRA~1\LLVM\bin\clang-cl.exe+0x14493d6)
37:39.61 E #22 0x00007ff66124ac7b (C:\PROGRA~1\LLVM\bin\clang-cl.exe+0x13fac7b)
37:39.61 E #23 0x00007ff66124a401 (C:\PROGRA~1\LLVM\bin\clang-cl.exe+0x13fa401)
37:39.61 E #24 0x00007ff661247530 (C:\PROGRA~1\LLVM\bin\clang-cl.exe+0x13f7530)
37:39.61 E #25 0x00007ff66127dcfb (C:\PROGRA~1\LLVM\bin\clang-cl.exe+0x142dcfb)
37:39.61 E #26 0x00007ff66125c036 (C:\PROGRA~1\LLVM\bin\clang-cl.exe+0x140c036)
37:39.61 E #27 0x00007ff6611b2e71 (C:\PROGRA~1\LLVM\bin\clang-cl.exe+0x1362e71)
37:39.61 E #28 0x00007ff6611b0f20 (C:\PROGRA~1\LLVM\bin\clang-cl.exe+0x1360f20)
37:39.61 E #29 0x00007ff661ccf2b8 (C:\PROGRA~1\LLVM\bin\clang-cl.exe+0x1e7f2b8)
37:39.62 E #30 0x00007ff661ccef81 (C:\PROGRA~1\LLVM\bin\clang-cl.exe+0x1e7ef81)
37:39.62 E #31 0x00007ff65fe77ed3 (C:\PROGRA~1\LLVM\bin\clang-cl.exe+0x27ed3)
37:39.62 E #32 0x00007ff65fe77b42 (C:\PROGRA~1\LLVM\bin\clang-cl.exe+0x27b42)
37:39.62 E #33 0x00007ff65fe74f16 (C:\PROGRA~1\LLVM\bin\clang-cl.exe+0x24f16)
37:39.62 E #34 0x00007ff65fe71a2d (C:\PROGRA~1\LLVM\bin\clang-cl.exe+0x21a2d)
37:39.62 E #35 0x00007ff65fe7031e (C:\PROGRA~1\LLVM\bin\clang-cl.exe+0x2031e)
37:39.62 E #36 0x00007ff660d9de2d (C:\PROGRA~1\LLVM\bin\clang-cl.exe+0xf4de2d)
37:39.62 E #37 0x00007ff6605e1435 (C:\PROGRA~1\LLVM\bin\clang-cl.exe+0x791435)
37:39.62 E #38 0x00007ff6605e1228 (C:\PROGRA~1\LLVM\bin\clang-cl.exe+0x791228)
37:39.62 E #39 0x00007ff6602c10c5 (C:\PROGRA~1\LLVM\bin\clang-cl.exe+0x4710c5)
37:39.62 E #40 0x00007ff6602c0a1e (C:\PROGRA~1\LLVM\bin\clang-cl.exe+0x470a1e)
37:39.62 E #41 0x00007ff6602c060d (C:\PROGRA~1\LLVM\bin\clang-cl.exe+0x47060d)
37:39.62 E #42 0x00007ff6602b87ac (C:\PROGRA~1\LLVM\bin\clang-cl.exe+0x4687ac)
37:39.62 E #43 0x00007ff6602b5ed3 (C:\PROGRA~1\LLVM\bin\clang-cl.exe+0x465ed3)
37:39.62 E #44 0x00007ff661d9d264 (C:\PROGRA~1\LLVM\bin\clang-cl.exe+0x1f4d264)
37:39.62 E #45 0x00007ffcea66cd87 (C:\WINDOWS\System32\KERNEL32.DLL+0x2cd87)
37:39.62 E #46 0x00007ffcebdecaec (C:\WINDOWS\SYSTEM32\ntdll.dll+0xacaec)
37:39.63 E #18 0x00007ff66146507d (C:\PROGRA~1\LLVM\bin\clang-cl.exe+0x161507d)
37:39.63 E #19 0x00007ff6610bc8c4 (C:\PROGRA~1\LLVM\bin\clang-cl.exe+0x126c8c4)
37:39.63 E #20 0x00007ff6610bc51c (C:\PROGRA~1\LLVM\bin\clang-cl.exe+0x126c51c)
37:39.63 E #21 0x00007ff6610bc447 (C:\PROGRA~1\LLVM\bin\clang-cl.exe+0x126c447)
37:39.63 E #22 0x00007ff6610bb037 (C:\PROGRA~1\LLVM\bin\clang-cl.exe+0x126b037)
37:39.63 E #23 0x00007ff6610b82fd (C:\PROGRA~1\LLVM\bin\clang-cl.exe+0x12682fd)
37:39.63 E #24 0x00007ff6610a02ce (C:\PROGRA~1\LLVM\bin\clang-cl.exe+0x12502ce)
37:39.63 E #25 0x00007ff661227bd1 (C:\PROGRA~1\LLVM\bin\clang-cl.exe+0x13d7bd1)
37:39.63 E clang-cl: error: clang frontend command failed due to signal (use -v to see invocation)
37:39.63 E clang version 20.1.8
37:39.63 E Target: 0x15621a0)
37:39.63 E #11 0x00007ff6613af12a#26 0x00007ff661223139 (C:\PROGRA~1\LLVM\bin\clang-cl.exe+0x13d3139)
37:39.63 E #27 0x00007ff6611ed7e6 (C:\PROGRA~1\LLVM\bin\clang-cl.exe+0x139d7e6)
37:39.63 E #28 0x00007ff6611e9943 (C:\PROGRA~1\LLVM\bin\clang-cl.exe+0x1399943)
37:39.63 E #29 0x00007ff6611e6fc8 ( (C:\PROGRA~1\LLVM\bin\clang-cl.exe+0x155f12a)
37:39.63 E #12 0x00007ff661d5192c (C:\PROGRA~1\LLVM\bin\clang-cl.exe+0x1f0192c)
37:39.63 E #13 0x00007ff661d465c6 (C:\PROGRA~1\LLVM\bin\clang-cl.exe+0x1ef65c6)
37:39.63 E #14 C:\PROGRA~1\LLVM\bin\clang-cl.exe0x00007ff661aeac86 (C:\PROGRA~1\LLVM\bin\clang-cl.exe+0x1c9ac86)
37:39.63 E #15 0x00007ff661aec2ca (C:\PROGRA~1\LLVM\bin\clang-cl.exe+0x1c9c2ca)
37:39.63 E #16 0x00007ff6605a50d6 (C:\PROGRA~1\LLVM\bin\clang-cl.exe+0x7550d6)
37:39.63 E #17 0x00007ff6605a4727 (C:\PROGRA~1\LLVM\bin\clang-cl.exe+0x754727)
37:39.63 E #18x86_64-pc-windows-msvc
37:39.63 E Thread model: posix
37:39.63 E InstalledDir: C:\Program Files\LLVM\bin
37:39.63 E  0x00007ff6605a0a62 (C:\PROGRA~1\LLVM\bin\clang-cl.exe+0x750a62)
37:39.63 E #19 0x00007ff661ccf595 (C:\PROGRA~1\LLVM\bin\clang-cl.exe+0x1e7f595)
37:39.63 E #20 0x00007ff661ccef81 (C:\PROGRA~1\LLVM\bin\clang-cl.exe+0x1e7ef81)
37:39.63 E #21 0x00007ff65fe77ed3 (C:\PROGRA~1\LLVM\bin\clang-cl.exe+0x27ed3)
37:39.63 E #22 0x00007ff65fe77b42 (C:\PROGRA~1\LLVM\bin\clang-cl.exe+0x27b42)
37:39.63 E #23 0x00007ff65fe74f16 (C:\PROGRA~1\LLVM\bin\clang-cl.exe+0x24f16)
37:39.63 E #24 0x00007ff65fe71a2d (C:\PROGRA~1\LLVM\bin\clang-cl.exe+0x21a2d)
37:39.63 E #25 0x00007ff65fe7031e (C:\PROGRA~1\LLVM\bin\clang-cl.exe+0x2031e)
37:39.63 E #26 0x00007ff660d9de2d (C:\PROGRA~1\LLVM\bin\clang-cl.exe+0xf4de2d)
37:39.63 E #27 0x00007ff6605e1435 (C:\PROGRA~1\LLVM\bin\clang-cl.exe+0x791435)
37:39.63 E #28 0x00007ff6605e1228 (C:\PROGRA~1\LLVM\bin\clang-cl.exe+0x791228)
37:39.63 E #29 0x00007ff6602c10c5 (C:\PROGRA~1\LLVM\bin\clang-cl.exe+0x4710c5)
37:39.63 E #30 0x00007ff6602c0a1e (C:\PROGRA~1\LLVM\bin\clang-cl.exe+0x470a1e)
37:39.63 E #31 0x00007ff6602c060d (C:\PROGRA~1\LLVM\bin\clang-cl.exe+0x47060d)
37:39.63 E #32 0x00007ff6602b87ac (C:\PROGRA~1\LLVM\bin\clang-cl.exe+0x4687ac)
37:39.63 E #33 0x00007ff6602b5ed3 (C:\PROGRA~1\LLVM\bin\clang-cl.exe+0x465ed3)
37:39.63 E #34 0x00007ff661d9d264 (C:\PROGRA~1\LLVM\bin\clang-cl.exe+0x1f4d264)
37:39.63 E #35 0x00007ffcea66cd87 (C:\WINDOWS\System32\KERNEL32.DLL+0x2cd87)
37:39.64 E #36 0x00007ffcebdecaec (C:\WINDOWS\SYSTEM32\ntdll.dll+0xacaec)
37:39.64 E +0x1396fc8)
37:39.64 E #30 0x00007ff6611e654f (C:\PROGRA~1\LLVM\bin\clang-cl.exe+0x139654f)
37:39.64 E #31 0x00007ff6614650dd (C:\PROGRA~1\LLVM\bin\clang-cl.exe+0x16150dd)
37:39.64 E #32 0x00007ff66146507d (C:\PROGRA~1\LLVM\bin\clang-cl.exe+0x161507d)
37:39.64 E #33 0x00007ff6610bc8c4 (C:\PROGRA~1\LLVM\bin\clang-cl.exe+0x126c8c4)
37:39.64 E #34 0x00007ff661251265 (C:\PROGRA~1\LLVM\bin\clang-cl.exe+0x1401265)
37:39.64 E #35 0x00007ff66114042f (C:\PROGRA~1\LLVM\bin\clang-cl.exe+0x12f042f)
37:39.64 E #36 0x00007ff661137b55 (C:\PROGRA~1\LLVM\bin\clang-cl.exe+0x12e7b55)
37:39.64 E #37 0x00007ff66173d349 (C:\PROGRA~1\LLVM\bin\clang-cl.exe+0x18ed349)
37:39.64 E #38 0x00007ff661738a22 (C:\PROGRA~1\LLVM\bin\clang-cl.exe+0x18e8a22)
37:39.64 E #39 0x00007ff6617383d9 (C:\PROGRA~1\LLVM\bin\clang-cl.exe+0x18e83d9)
37:39.64 E #40 0x00007ff6614650dd (C:\PROGRA~1\LLVM\bin\clang-cl.exe+0x16150dd)
37:39.64 E #41 0x00007ff66146507d (C:\PROGRA~1\LLVM\bin\clang-cl.exe+0x161507d)
37:39.64 E #42 0x00007ff66112f743 (C:\PROGRA~1\LLVM\bin\clang-cl.exe+0x12df743)
37:39.66 E #43 0x00007ff66110c5a1 (C:\PROGRA~1\LLVM\bin\clang-cl.exe+0x12bc5a1)
37:39.66 E #44 0x00007ff661106d4e (C:\PROGRA~1\LLVM\bin\clang-cl.exe+0x12b6d4e)
37:39.67 E #45 0x00007ff6610b625c (C:\PROGRA~1\LLVM\bin\clang-cl.exe+0x126625c)
37:39.67 E #46 0x00007ff66173d349 (C:\PROGRA~1\LLVM\bin\clang-cl.exe+0x18ed349)
37:39.67 E #47 0x00007ff661738a22 (C:\PROGRA~1\LLVM\bin\clang-cl.exe+0x18e8a22)
37:39.67 E #48 0x00007ff6617383d9 (C:\PROGRA~1\LLVM\bin\clang-cl.exe+0x18e83d9)
37:39.67 E #49 0x00007ff6614650dd (C:\PROGRA~1\LLVM\bin\clang-cl.exe+0x16150dd)
37:39.67 E #50 0x00007ff66146507d (C:\PROGRA~1\LLVM\bin\clang-cl.execlang-cl: +0x161507d)
37:39.67 E #51 0x00007ff66112f743 (C:\PROGRA~1\LLVM\bin\clang-cl.exe+0x12df743)
37:39.67 E #52 0x00007ff66110c5a1 (C:\PROGRA~1\LLVM\bin\clang-cl.exe+0x12bc5a1)
37:39.67 E #53 0x00007ff661106d4e (C:\PROGRA~1\LLVM\bin\clang-cl.exe+0x12b6d4e)
37:39.67 E #54 0x00007ff6610a47b3 (C:\PROGRA~1\LLVM\bin\clang-cl.exe+0x12547b3)
37:39.67 E #55 0x00007ff6610ccea5 (C:\PROGRA~1\LLVM\bin\clang-cl.exe+0x127cea5)
37:39.67 E #56 0x00007ff6610bfe7a (C:\PROGRA~1\LLVM\bin\clang-cl.exe+0x126fe7a)
37:39.67 E #57 0x00007ff6610a01a2 (C:\PROGRA~1\LLVM\bin\clang-cl.exe+0x12501a2)
37:39.67 E #58 0x00007ff66109fb31 (C:\PROGRA~1\LLVM\bin\clang-cl.exe+0x124fb31)
37:39.67 E #59 error: clang-cl: error: 0x00007ff6611e9c0eclang frontend command failed due to signal (use -v to see invocation)clang frontend command failed due to signal (use -v to see invocation)
37:39.67 E clang version 20.1.8
37:39.67 E Target: clang version 20.1.8
37:39.67 E Target: (C:\PROGRA~1\LLVM\bin\clang-cl.exe+0x1399c0e)
37:39.67 E #60 0x00007ff6611e6fc8 (C:\PROGRA~1\LLVM\bin\clang-cl.exe+0x1396fc8)
37:39.67 E #61 0x00007ff6611e654f (C:\PROGRA~1\LLVM\bin\clang-cl.exe+0x139654f)
37:39.67 E #62 0x00007ff6614650dd (C:\PROGRA~1\LLVM\bin\clang-cl.exe+0x16150dd)
37:39.68 E #63 0x00007ff66146507d (C:\PROGRA~1\LLVM\bin\clang-cl.exe+0x161507d)
37:39.68 E #64 0x00007ff6610bc8c4 (C:\PROGRA~1\LLVM\bin\clang-cl.exe+0x126c8c4)
37:39.68 E #65 0x00007ff6610bc51c (C:\PROGRA~1\LLVM\bin\clang-cl.exe+0x126c51c)
37:39.68 E #66 0x00007ff66133d6d3 (C:\PROGRA~1\LLVM\bin\clang-cl.exe+0x14ed6d3)
37:39.68 E #67 0x00007ff661283b8d (C:\PROGRA~1\LLVM\bin\clang-cl.exe+0x1433b8d)
37:39.68 E #68 0x00007ff66125722f (C:\PROGRA~1\LLVM\bin\clang-cl.exe+0x140722f)
37:39.68 E #69 0x00007ff661246cb7 (C:\PROGRA~1\LLVM\bin\clang-cl.exe+0x13f6cb7)
37:39.68 E #70 0x00007ff66127dcfb (C:\PROGRA~1\LLVM\bin\clang-cl.exe+0x142dcfb)
37:39.68 E #71 0x00007ff66125c036 (C:\PROGRA~1\LLVM\bin\clang-cl.exe+0x140c036)
37:39.68 E #72 0x00007ff6611b2e71 (C:\PROGRA~1\LLVM\bin\clang-cl.exex86_64-pc-windows-msvc
37:39.68 E +Thread model: x86_64-pc-windows-msvc
37:39.68 E posix
37:39.69 E InstalledDir: C:\Program Files\LLVM\bin
37:39.69 E Thread model: posix
37:39.69 E InstalledDir: C:\Program Files\LLVM\bin
37:39.69 E 0x1362e71)
37:39.69 E #73 0x00007ff6611b0f20 (C:\PROGRA~1\LLVM\bin\clang-cl.exe+0x1360f20)
37:39.69 E #74 0x00007ff6611b0b4c (C:\PROGRA~1\LLVM\bin\clang-cl.exe+0x1360b4c)
37:39.69 E #75 0x00007ff65fff6500 (C:\PROGRA~1\LLVM\bin\clang-cl.exe+0x1a6500)
37:39.69 E #76 0x00007ff6611b1e65 (C:\PROGRA~1\LLVM\bin\clang-cl.exe+0x1361e65)
37:39.69 E #77 0x00007ff6611b0da6 (C:\PROGRA~1\LLVM\bin\clang-cl.exe+0x1360da6)
37:39.69 E #78 0x00007ff661ccf2b8 (C:\PROGRA~1\LLVM\bin\clang-cl.exe+0x1e7f2b8)
37:39.69 E #79 0x00007ff661ccef81 (C:\PROGRA~1\LLVM\bin\clang-cl.exe+0x1e7ef81)
37:39.69 E #80 0x00007ff65fe77ed3 (C:\PROGRA~1\LLVM\bin\clang-cl.exe+0x27ed3)
37:39.69 E #81 0x00007ff65fe77b42 (C:\PROGRA~1\LLVM\bin\clang-cl.exe+0x27b42)
37:39.69 E #82 0x00007ff65fe74f16 (C:\PROGRA~1\LLVM\bin\clang-cl.exe+0x24f16)
37:39.69 E #83 0x00007ff65fe71a2d (C:\PROGRA~1\LLVM\bin\clang-cl.exe+0x21a2d)
37:39.69 E #84 0x00007ff65fe7031e (C:\PROGRA~1\LLVM\bin\clang-cl.exe+0x2031e)
37:39.69 E #85 0x00007ff660d9de2d (C:\PROGRA~1\LLVM\bin\clang-cl.exe+0xf4de2d)
37:39.69 E #86 0x00007ff6605e1435 (C:\PROGRA~1\LLVM\bin\clang-cl.exe+0x791435)
37:39.69 E #87 0x00007ff6605e1228 (C:\PROGRA~1\LLVM\bin\clang-cl.exe+0x791228)
37:39.69 E #88 0x00007ff6602c10c5 (C:\PROGRA~1\LLVM\bin\clang-cl.exe+0x4710c5)
37:39.70 E #89 0x00007ff6602c0a1e (C:\PROGRA~1\LLVM\bin\clang-cl.exe+0x470a1e)
37:39.70 E #90 0x00007ff6602c060d (C:\PROGRA~1\LLVM\bin\clang-cl.exe+0x47060d)
37:39.70 E #91 0x00007ff6602b87ac (C:\PROGRA~1\LLVM\bin\clang-cl.exe+0x4687ac)
37:39.70 E #92 0x00007ff6602b5ed3 (C:\PROGRA~1\LLVM\bin\clang-cl.exe+0x465ed3)
37:39.70 E #93 0x00007ff661d9d264 (C:\PROGRA~1\LLVM\bin\clang-cl.exe+0x1f4d264)
37:39.70 E #94 0x00007ffcea66cd87 (C:\WINDOWS\System32\KERNEL32.DLL+0x2cd87)
37:39.70 E #95 0x00007ffcebdecaec (C:\WINDOWS\SYSTEM32\ntdll.dll+0xacaec)
37:39.70 E clang-cl: error: clang frontend command failed due to signal (use -v to see invocation)
37:39.70 E clang version 20.1.8
37:39.70 E Target: x86_64-pc-windows-msvc
37:39.70 E Thread model: posix
37:39.70 E InstalledDir: C:\Program Files\LLVM\bin
37:39.70 dom/file
37:45.42 E clang-cl: note: diagnostic msg:
37:45.42 E ********************
37:45.42 E PLEASE ATTACH THE FOLLOWING FILES TO THE BUG REPORT:
37:45.42 E Preprocessed source(s) and associated run script(s) are located at:
37:45.42 E clang-cl: note: diagnostic msg: C:\Users\Zachary\AppData\Local\Temp\Unified_cpp_dom_fetch1-6312a4.cpp
37:45.43 E clang-cl: note: diagnostic msg: C:\Users\Zachary\AppData\Local\Temp\Unified_cpp_dom_fetch1-6312a4.sh
37:45.44 E clang-cl: note: diagnostic msg:
37:45.44 E ********************
37:45.63 E make[4]: *** [C:/Users/Zachary/Documents/Project/browser-dev/Floorp-Runtime/config/rules.mk:668: Unified_cpp_dom_fetch1.obj] Error 1
37:45.63 E make[4]: *** Waiting for unfinished jobs....
37:45.93 E clang-cl: note: diagnostic msg:
37:45.93 E ********************
37:45.93 E PLEASE ATTACH THE FOLLOWING FILES TO THE BUG REPORT:
37:45.93 E Preprocessed source(s) and associated run script(s) are located at:
37:45.93 E clang-cl: note: diagnostic msg: C:\Users\Zachary\AppData\Local\Temp\Unified_cpp_dom_file_ipc0-c6c8d6.cpp
37:45.93 E clang-cl: note: diagnostic msg: C:\Users\Zachary\AppData\Local\Temp\Unified_cpp_dom_file_ipc0-c6c8d6.sh
37:45.94 E clang-cl: note: diagnostic msg:
37:45.94 E ********************
37:46.09 E make[4]: *** [C:/Users/Zachary/Documents/Project/browser-dev/Floorp-Runtime/config/rules.mk:668: Unified_cpp_dom_file_ipc0.obj] Error 1
37:46.09 E make[4]: *** Waiting for unfinished jobs....
37:46.63 E clang-cl: note: diagnostic msg:
37:46.63 E ********************
37:46.63 E PLEASE ATTACH THE FOLLOWING FILES TO THE BUG REPORT:
37:46.64 E Preprocessed source(s) and associated run script(s) are located at:
37:46.64 E clang-cl: note: diagnostic msg: C:\Users\Zachary\AppData\Local\Temp\Unified_cpp_dom_fetch0-531fea.cpp
37:46.64 E clang-cl: note: diagnostic msg: C:\Users\Zachary\AppData\Local\Temp\Unified_cpp_dom_fetch0-531fea.sh
37:46.64 E clang-cl: note: diagnostic msg:
37:46.64 E ********************
37:46.84 E clang-cl: note: diagnostic msg:
37:46.84 E ********************
37:46.84 E PLEASE ATTACH THE FOLLOWING FILES TO THE BUG REPORT:
37:46.84 E Preprocessed source(s) and associated run script(s) are located at:
37:46.84 E clang-cl: note: diagnostic msg: C:\Users\Zachary\AppData\Local\Temp\Unified_cpp_dom_events0-d3bc5d.cpp
37:46.84 E clang-cl: note: diagnostic msg: C:\Users\Zachary\AppData\Local\Temp\Unified_cpp_dom_events0-d3bc5d.sh
37:46.84 E clang-cl: note: diagnostic msg:
37:46.84 E ********************
37:46.85 E make[4]: *** [C:/Users/Zachary/Documents/Project/browser-dev/Floorp-Runtime/config/rules.mk:668: Unified_cpp_dom_fetch0.obj] Error 1
37:46.88 E make[3]: *** [C:/Users/Zachary/Documents/Project/browser-dev/Floorp-Runtime/config/recurse.mk:79: dom/fetch/target-objects] Error 2
37:46.88 E make[3]: *** Waiting for unfinished jobs....
37:47.05 E make[4]: *** [C:/Users/Zachary/Documents/Project/browser-dev/Floorp-Runtime/config/rules.mk:668: Unified_cpp_dom_events0.obj] Error 1
37:47.05 E make[4]: *** Waiting for unfinished jobs....
37:47.53 E clang-cl: note: diagnostic msg:
37:47.53 E ********************
37:47.53 E PLEASE ATTACH THE FOLLOWING FILES TO THE BUG REPORT:
37:47.53 E Preprocessed source(s) and associated run script(s) are located at:
37:47.53 E clang-cl: note: diagnostic msg: C:\Users\Zachary\AppData\Local\Temp\Unified_cpp_dom_events2-eb2a84.cpp
37:47.54 E clang-cl: note: diagnostic msg: C:\Users\Zachary\AppData\Local\Temp\Unified_cpp_dom_events2-eb2a84.sh
37:47.54 E clang-cl: note: diagnostic msg:
37:47.54 E ********************
37:47.75 E make[4]: *** [C:/Users/Zachary/Documents/Project/browser-dev/Floorp-Runtime/config/rules.mk:668: Unified_cpp_dom_events2.obj] Error 1
37:47.91 E clang-cl: note: diagnostic msg:
37:47.92 E ********************
37:47.92 E PLEASE ATTACH THE FOLLOWING FILES TO THE BUG REPORT:
37:47.92 E Preprocessed source(s) and associated run script(s) are located at:
37:47.92 E clang-cl: note: diagnostic msg: C:\Users\Zachary\AppData\Local\Temp\UnifiedBindings20-4d12fd.cpp
37:47.92 E clang-cl: note: diagnostic msg: C:\Users\Zachary\AppData\Local\Temp\UnifiedBindings20-4d12fd.sh
37:47.92 E clang-cl: note: diagnostic msg:
37:47.92 E ********************
37:48.03 E clang-cl: note: diagnostic msg:
37:48.03 E ********************
37:48.04 E PLEASE ATTACH THE FOLLOWING FILES TO THE BUG REPORT:
37:48.04 E Preprocessed source(s) and associated run script(s) are located at:
37:48.04 E clang-cl: note: diagnostic msg: C:\Users\Zachary\AppData\Local\Temp\UnifiedBindings21-a5263b.cpp
37:48.04 E clang-cl: note: diagnostic msg: C:\Users\Zachary\AppData\Local\Temp\UnifiedBindings21-a5263b.sh
37:48.04 E clang-cl: note: diagnostic msg:
37:48.04 E ********************
37:48.13 E make[4]: *** [C:/Users/Zachary/Documents/Project/browser-dev/Floorp-Runtime/config/rules.mk:668: UnifiedBindings20.obj] Error 1
37:48.14 E make[4]: *** Waiting for unfinished jobs....
37:48.16 E make[4]: *** [C:/Users/Zachary/Documents/Project/browser-dev/Floorp-Runtime/config/rules.mk:668: UnifiedBindings21.obj] Error 1
37:48.64 E clang-cl: note: diagnostic msg:
37:48.64 E ********************
37:48.64 E PLEASE ATTACH THE FOLLOWING FILES TO THE BUG REPORT:
37:48.64 E Preprocessed source(s) and associated run script(s) are located at:
37:48.64 E clang-cl: note: diagnostic msg: C:\Users\Zachary\AppData\Local\Temp\Unified_cpp_dom_events1-4870a9.cpp
37:48.64 E clang-cl: note: diagnostic msg: C:\Users\Zachary\AppData\Local\Temp\Unified_cpp_dom_events1-4870a9.sh
37:48.65 E clang-cl: note: diagnostic msg:
37:48.65 E ********************
37:48.94 E make[4]: *** [C:/Users/Zachary/Documents/Project/browser-dev/Floorp-Runtime/config/rules.mk:668: Unified_cpp_dom_events1.obj] Error 1
38:19.66 E make[3]: *** [C:/Users/Zachary/Documents/Project/browser-dev/Floorp-Runtime/config/recurse.mk:79: dom/file/ipc/target-objects] Error 2
38:24.40 E make[3]: *** [C:/Users/Zachary/Documents/Project/browser-dev/Floorp-Runtime/config/recurse.mk:79: dom/events/target-objects] Error 2
38:25.54 E make[3]: *** [C:/Users/Zachary/Documents/Project/browser-dev/Floorp-Runtime/config/recurse.mk:79: dom/bindings/target-objects] Error 2
45:29.89 E make[4]: *** [C:/Users/Zachary/Documents/Project/browser-dev/Floorp-Runtime/config/makefiles/rust.mk:554: force-cargo-library-build] Error 101
45:29.92 E make[3]: *** [C:/Users/Zachary/Documents/Project/browser-dev/Floorp-Runtime/config/recurse.mk:79: toolkit/library/rust/target-objects] Error 2
45:29.94 E make[2]: *** [C:/Users/Zachary/Documents/Project/browser-dev/Floorp-Runtime/config/recurse.mk:34: compile] Error 2
45:29.95 E make[1]: *** [C:/Users/Zachary/Documents/Project/browser-dev/Floorp-Runtime/config/rules.mk:357: default] Error 2
45:29.97 E make: *** [client.mk:58: build] Error 2
45:30.09 W 409 compiler warnings present.
Streaming resource usage profile to: C:/Users/Zachary/Documents/Project/browser-dev/Floorp-Runtime/obj-x86_64-pc-windows-msvc\.mozbuild\logs\build\profile_log_20260920_152753.json
